Game,Date,Stakes (EUR),Total Paid (EUR),Profit (EUR),Source,Scraped At
eurojackpot,2012-03-23,13155414.0,3344032.8,9811381.2,api,2026-07-20T15:07:11.100891+00:00
eurojackpot,2012-03-30,11727162.0,3594783.0,8132379.0,api,2026-07-20T15:07:11.387322+00:00
eurojackpot,2012-04-06,12505570.0,3478457.2,9027112.8,api,2026-07-20T15:07:11.706116+00:00
eurojackpot,2012-04-13,13027098.0,3207821.5,9819276.5,api,2026-07-20T15:09:17.478938+00:00
eurojackpot,2012-04-20,12608568.0,3933632.1,8674935.9,api,2026-07-20T15:09:18.321665+00:00
eurojackpot,2012-04-27,12128078.0,3310632.2,8817445.8,api,2026-07-20T15:09:19.103023+00:00
eurojackpot,2012-05-04,12061678.0,3138632.8,8923045.2,api,2026-07-20T15:09:19.900811+00:00
eurojackpot,2012-05-11,12640608.0,23371028.200000003,-10730420.200000003,api,2026-07-20T15:09:20.684847+00:00
eurojackpot,2012-05-18,11141190.0,3101945.8000000003,8039244.199999999,api,2026-07-20T15:09:21.487322+00:00
eurojackpot,2012-05-25,10681774.0,2900147.0999999996,7781626.9,api,2026-07-20T15:09:22.316089+00:00
eurojackpot,2012-06-01,10897248.0,2839742.1999999997,8057505.800000001,api,2026-07-20T15:09:23.100798+00:00
eurojackpot,2012-06-08,11088516.0,3286719.9,7801796.1,api,2026-07-20T15:09:23.879842+00:00
eurojackpot,2012-06-15,11132242.0,3038017.8,8094224.2,api,2026-07-20T15:09:24.679330+00:00
eurojackpot,2012-06-22,11181140.0,3040043.2,8141096.8,api,2026-07-20T15:09:25.467174+00:00
eurojackpot,2012-06-29,11447588.0,3416119.5,8031468.5,api,2026-07-20T15:09:26.246492+00:00
eurojackpot,2012-07-06,12008478.0,3267383.4000000004,8741094.6,api,2026-07-20T15:09:27.037583+00:00
eurojackpot,2012-07-13,13483642.0,3823052.5,9660589.5,api,2026-07-20T15:09:27.860784+00:00
eurojackpot,2012-07-20,12944940.0,3601936.1999999993,9343003.8,api,2026-07-20T15:09:28.633032+00:00
eurojackpot,2012-07-27,13120050.0,3658311.6,9461738.4,api,2026-07-20T15:09:29.459411+00:00
eurojackpot,2012-08-03,14542212.0,4060616.5999999996,10481595.4,api,2026-07-20T15:09:30.243747+00:00
eurojackpot,2012-08-10,21983676.0,33129349.300000004,-11145673.300000004,api,2026-07-20T15:09:31.050810+00:00
eurojackpot,2012-08-17,11979506.0,3336709.4,8642796.6,api,2026-07-20T15:09:31.832571+00:00
eurojackpot,2012-08-24,11502104.0,14471893.9,-2969789.9000000004,api,2026-07-20T15:09:32.654702+00:00
eurojackpot,2012-08-31,11568548.0,3229603.3,8338944.7,api,2026-07-20T15:09:33.446094+00:00
eurojackpot,2012-09-07,11642882.0,2949038.4000000004,8693843.6,api,2026-07-20T15:09:34.218227+00:00
eurojackpot,2012-09-14,11707412.0,2962753.7,8744658.3,api,2026-07-20T15:09:35.021613+00:00
eurojackpot,2012-09-21,12088106.0,3878562.1,8209543.9,api,2026-07-20T15:09:35.805060+00:00
eurojackpot,2012-09-28,12677730.0,3452233.5,9225496.5,api,2026-07-20T15:09:36.595145+00:00
eurojackpot,2012-10-05,12893822.0,3188781.1000000006,9705040.899999999,api,2026-07-20T15:09:37.405584+00:00
eurojackpot,2012-10-12,13597774.0,4356957.4,9240816.6,api,2026-07-20T15:09:38.204871+00:00
eurojackpot,2012-10-19,13938986.0,3456392.1,10482593.9,api,2026-07-20T15:09:38.971235+00:00
eurojackpot,2012-10-26,14364334.0,25063271.5,-10698937.5,api,2026-07-20T15:09:39.764130+00:00
eurojackpot,2012-11-02,12114622.0,4083528.7,8031093.3,api,2026-07-20T15:09:40.535112+00:00
eurojackpot,2012-11-09,11851646.0,3309290.6,8542355.4,api,2026-07-20T15:09:41.316735+00:00
eurojackpot,2012-11-16,12104422.0,3065440.1,9038981.9,api,2026-07-20T15:09:42.128404+00:00
eurojackpot,2012-11-23,12081500.0,2997061.3,9084438.7,api,2026-07-20T15:09:42.949219+00:00
eurojackpot,2012-11-30,12681674.0,4212379.300000001,8469294.7,api,2026-07-20T15:09:43.743534+00:00
eurojackpot,2012-12-07,12764982.0,3544488.0,9220494.0,api,2026-07-20T15:09:44.533860+00:00
eurojackpot,2012-12-14,13442856.0,3657263.8,9785592.2,api,2026-07-20T15:09:45.322868+00:00
eurojackpot,2012-12-21,14728128.0,3833132.1,10894995.9,api,2026-07-20T15:09:46.081759+00:00
eurojackpot,2012-12-28,14895538.0,4529073.800000001,10366464.2,api,2026-07-20T15:09:46.843702+00:00
eurojackpot,2013-01-04,15516014.0,4321870.3,11194143.7,api,2026-07-20T15:09:47.933070+00:00
eurojackpot,2013-01-11,16610340.0,4217200.1,12393139.9,api,2026-07-20T15:09:48.730634+00:00
eurojackpot,2013-01-18,17486888.0,5291155.300000001,12195732.7,api,2026-07-20T15:09:49.496005+00:00
eurojackpot,2013-01-25,23478208.0,35924964.4,-12446756.399999999,api,2026-07-20T15:09:50.280600+00:00
eurojackpot,2013-02-01,15725666.0,4548608.6,11177057.4,api,2026-07-20T15:09:51.062410+00:00
eurojackpot,2013-02-08,15112632.0,4217984.3,10894647.7,api,2026-07-20T15:09:51.857312+00:00
eurojackpot,2013-02-15,15103722.0,4204688.4,10899033.6,api,2026-07-20T15:09:52.622290+00:00
eurojackpot,2013-02-22,15232938.0,4253009.6,10979928.4,api,2026-07-20T15:09:53.391670+00:00
eurojackpot,2013-03-01,16067990.0,4074629.9000000004,11993360.1,api,2026-07-20T15:09:54.158393+00:00
eurojackpot,2013-03-08,17036478.0,5153332.8,11883145.2,api,2026-07-20T15:09:54.951614+00:00
eurojackpot,2013-03-15,18101602.0,4604482.1,13497119.9,api,2026-07-20T15:09:55.701479+00:00
eurojackpot,2013-03-22,19794766.0,5959084.6,13835681.4,api,2026-07-20T15:09:56.474944+00:00
eurojackpot,2013-03-29,23322162.0,6500816.6,16821345.4,api,2026-07-20T15:09:57.270091+00:00
eurojackpot,2013-04-05,26110340.0,7289626.4,18820713.6,api,2026-07-20T15:09:58.034685+00:00
eurojackpot,2013-04-12,30404148.0,54532493.39999999,-24128345.39999999,api,2026-07-20T15:09:58.853641+00:00
eurojackpot,2013-04-19,16628566.0,4643461.7,11985104.3,api,2026-07-20T15:09:59.642661+00:00
eurojackpot,2013-04-26,15952346.0,4335850.0,11616496.0,api,2026-07-20T15:10:00.421638+00:00
eurojackpot,2013-05-03,15743664.0,17960771.2,-2217107.1999999993,api,2026-07-20T15:10:01.218668+00:00
eurojackpot,2013-05-10,14824510.0,3662824.5999999996,11161685.4,api,2026-07-20T15:10:01.999898+00:00
eurojackpot,2013-05-17,14691580.0,4369613.6,10321966.4,api,2026-07-20T15:10:02.789446+00:00
eurojackpot,2013-05-24,14792566.0,4301039.6,10491526.4,api,2026-07-20T15:10:03.586589+00:00
eurojackpot,2013-05-31,15273492.0,4246935.1,11026556.9,api,2026-07-20T15:10:04.383205+00:00
eurojackpot,2013-06-07,15448268.0,4307390.4,11140877.6,api,2026-07-20T15:10:05.165188+00:00
eurojackpot,2013-06-14,16194540.0,4516009.8,11678530.2,api,2026-07-20T15:10:05.943257+00:00
eurojackpot,2013-06-21,16685916.0,4244833.1,12441082.9,api,2026-07-20T15:10:06.737234+00:00
eurojackpot,2013-06-28,18944572.0,5566546.3,13378025.7,api,2026-07-20T15:10:07.494554+00:00
eurojackpot,2013-07-05,21452856.0,6099317.9,15353538.1,api,2026-07-20T15:10:08.310665+00:00
eurojackpot,2013-07-12,23069824.0,6255450.6,16814373.4,api,2026-07-20T15:10:09.074020+00:00
eurojackpot,2013-07-19,26610134.0,49095907.70000001,-22485773.70000001,api,2026-07-20T15:10:09.840380+00:00
eurojackpot,2013-07-26,16136078.0,4489355.2,11646722.8,api,2026-07-20T15:10:10.619615+00:00
eurojackpot,2013-08-02,16256900.0,4523728.1,11733171.9,api,2026-07-20T15:10:11.422231+00:00
eurojackpot,2013-08-09,16359850.0,4049360.0,12310490.0,api,2026-07-20T15:10:12.211390+00:00
eurojackpot,2013-08-16,16252982.0,20577319.800000004,-4324337.8000000045,api,2026-07-20T15:10:13.014206+00:00
eurojackpot,2013-08-23,15026618.0,4204460.7,10822157.3,api,2026-07-20T15:10:13.803809+00:00
eurojackpot,2013-08-30,15359870.0,4273819.2,11086050.8,api,2026-07-20T15:10:14.606648+00:00
eurojackpot,2013-09-06,15552022.0,3937936.3000000003,11614085.7,api,2026-07-20T15:10:15.420363+00:00
eurojackpot,2013-09-13,16472014.0,4879228.100000001,11592785.899999999,api,2026-07-20T15:10:16.223926+00:00
eurojackpot,2013-09-20,16635674.0,4752621.4,11883052.6,api,2026-07-20T15:10:17.022807+00:00
eurojackpot,2013-09-27,17849806.0,26223996.100000005,-8374190.100000005,api,2026-07-20T15:10:17.858342+00:00
eurojackpot,2013-10-04,15058424.0,4209266.8,10849157.2,api,2026-07-20T15:10:18.654407+00:00
eurojackpot,2013-10-11,14879350.0,4148298.5999999996,10731051.4,api,2026-07-20T15:10:19.472542+00:00
eurojackpot,2013-10-18,15201994.0,17553492.200000003,-2351498.200000003,api,2026-07-20T15:10:20.296220+00:00
eurojackpot,2013-10-25,14374838.0,3546293.3000000003,10828544.7,api,2026-07-20T15:10:21.085946+00:00
eurojackpot,2013-11-01,14138518.0,4386183.0,9752335.0,api,2026-07-20T15:10:21.900512+00:00
eurojackpot,2013-11-08,15300326.0,4274325.6,11026000.4,api,2026-07-20T15:10:22.704436+00:00
eurojackpot,2013-11-15,15722118.0,3885437.2,11836680.8,api,2026-07-20T15:10:23.543071+00:00
eurojackpot,2013-11-22,16126114.0,4990201.7,11135912.3,api,2026-07-20T15:10:24.320954+00:00
eurojackpot,2013-11-29,16620202.0,4632202.300000001,11987999.7,api,2026-07-20T15:10:25.161223+00:00
eurojackpot,2013-12-06,17891662.0,25916223.400000002,-8024561.400000002,api,2026-07-20T15:10:25.976776+00:00
eurojackpot,2013-12-13,15241522.0,4370347.4,10871174.6,api,2026-07-20T15:10:26.781233+00:00
eurojackpot,2013-12-20,15204040.0,4236935.4,10967104.6,api,2026-07-20T15:10:27.584269+00:00
eurojackpot,2013-12-27,14732716.0,3730727.0,11001989.0,api,2026-07-20T15:10:28.381618+00:00
eurojackpot,2014-01-03,15799532.0,4775848.1,11023683.9,api,2026-07-20T15:10:29.444977+00:00
eurojackpot,2014-01-10,16362862.0,21835526.1,-5472664.1000000015,api,2026-07-20T15:10:30.211560+00:00
eurojackpot,2014-01-17,14416854.0,4007196.5999999996,10409657.4,api,2026-07-20T15:10:31.013072+00:00
eurojackpot,2014-01-24,14409048.0,4028168.5,10380879.5,api,2026-07-20T15:10:31.806531+00:00
eurojackpot,2014-01-31,15230306.0,4248431.7,10981874.3,api,2026-07-20T15:10:32.606249+00:00
eurojackpot,2014-02-07,15698964.0,3985665.9000000004,11713298.1,api,2026-07-20T15:10:33.406198+00:00
eurojackpot,2014-02-14,16069758.0,4874660.7,11195097.3,api,2026-07-20T15:10:34.195310+00:00
eurojackpot,2014-02-21,17659742.0,4935261.0,12724481.0,api,2026-07-20T15:10:35.016122+00:00
eurojackpot,2014-02-28,19406674.0,5277008.4,14129665.6,api,2026-07-20T15:10:35.849186+00:00
eurojackpot,2014-03-07,22713576.0,6446522.4,16267053.6,api,2026-07-20T15:10:36.640609+00:00
eurojackpot,2014-03-14,25865258.0,6549736.300000001,19315521.7,api,2026-07-20T15:10:37.433163+00:00
eurojackpot,2014-03-21,29495752.0,8882937.1,20612814.9,api,2026-07-20T15:10:38.255398+00:00
eurojackpot,2014-03-28,37129218.0,10362778.7,26766439.3,api,2026-07-20T15:10:39.093773+00:00
eurojackpot,2014-04-04,45425658.0,69927420.1,-24501762.099999994,api,2026-07-20T15:10:39.893819+00:00
eurojackpot,2014-04-11,19200714.0,4885941.6,14314772.4,api,2026-07-20T15:10:40.705934+00:00
eurojackpot,2014-04-18,17472766.0,5345993.9,12126772.1,api,2026-07-20T15:10:41.518371+00:00
eurojackpot,2014-04-25,17508374.0,4886142.0,12622232.0,api,2026-07-20T15:10:42.306995+00:00
eurojackpot,2014-05-02,18990754.0,5308182.9,13682571.1,api,2026-07-20T15:10:43.121502+00:00
eurojackpot,2014-05-09,20601196.0,5219262.4,15381933.6,api,2026-07-20T15:10:43.912800+00:00
eurojackpot,2014-05-16,21969968.0,33801050.699999996,-11831082.699999996,api,2026-07-20T15:10:44.676013+00:00
eurojackpot,2014-05-23,16623636.0,5698025.100000001,10925610.899999999,api,2026-07-20T15:10:45.470121+00:00
eurojackpot,2014-05-30,16816810.0,4689173.399999999,12127636.600000001,api,2026-07-20T15:10:46.235434+00:00
eurojackpot,2014-06-06,16934498.0,4713998.7,12220499.3,api,2026-07-20T15:10:47.034218+00:00
eurojackpot,2014-06-13,17082062.0,4222352.7,12859709.3,api,2026-07-20T15:10:47.806752+00:00
eurojackpot,2014-06-20,17831296.0,24814778.299999997,-6983482.299999997,api,2026-07-20T15:10:48.598988+00:00
eurojackpot,2014-06-27,15611402.0,3962260.1999999997,11649141.8,api,2026-07-20T15:10:49.376910+00:00
eurojackpot,2014-07-04,16068700.0,4861057.899999999,11207642.100000001,api,2026-07-20T15:10:50.199886+00:00
eurojackpot,2014-07-11,16137450.0,4497945.8,11639504.2,api,2026-07-20T15:10:50.976997+00:00
eurojackpot,2014-07-18,16467840.0,4597103.0,11870737.0,api,2026-07-20T15:10:51.756543+00:00
eurojackpot,2014-07-25,17229524.0,4796224.5,12433299.5,api,2026-07-20T15:10:52.535739+00:00
eurojackpot,2014-08-01,19632036.0,5475165.6,14156870.4,api,2026-07-20T15:10:53.337439+00:00
eurojackpot,2014-08-08,20942366.0,5852478.3,15089887.7,api,2026-07-20T15:10:54.140094+00:00
eurojackpot,2014-08-15,23957490.0,6673671.1,17283818.9,api,2026-07-20T15:10:54.902845+00:00
eurojackpot,2014-08-22,27036230.0,7556542.5,19479687.5,api,2026-07-20T15:10:55.706499+00:00
eurojackpot,2014-08-29,32150168.0,8981598.0,23168570.0,api,2026-07-20T15:10:56.578010+00:00
eurojackpot,2014-09-05,37949936.0,10594131.8,27355804.2,api,2026-07-20T15:10:57.340553+00:00
eurojackpot,2014-09-12,49379972.0,74947234.20000002,-25567262.200000018,api,2026-07-20T15:10:58.133519+00:00
eurojackpot,2014-09-19,20440552.0,5693002.0,14747550.0,api,2026-07-20T15:10:58.930485+00:00
eurojackpot,2014-09-26,19818286.0,5028106.3,14790179.7,api,2026-07-20T15:10:59.718312+00:00
eurojackpot,2014-10-03,20107056.0,22724444.600000005,-2617388.600000005,api,2026-07-20T15:11:00.562795+00:00
eurojackpot,2014-10-10,20330700.0,5271515.2,15059184.8,api,2026-07-20T15:11:01.338960+00:00
eurojackpot,2014-10-17,20495558.0,5304241.199999999,15191316.8,api,2026-07-20T15:11:02.108902+00:00
eurojackpot,2014-10-24,20897368.0,5403242.0,15494126.0,api,2026-07-20T15:11:02.894821+00:00
eurojackpot,2014-10-31,23593824.0,6108694.1,17485129.9,api,2026-07-20T15:11:03.681017+00:00
eurojackpot,2014-11-07,25037934.0,6483128.199999999,18554805.8,api,2026-07-20T15:11:04.486750+00:00
eurojackpot,2014-11-14,28252356.0,6131592.2,22120763.8,api,2026-07-20T15:11:05.284077+00:00
eurojackpot,2014-11-21,30654236.0,9147876.299999999,21506359.700000003,api,2026-07-20T15:11:06.114528+00:00
eurojackpot,2014-11-28,34935296.0,7554263.3,27381032.7,api,2026-07-20T15:11:06.911475+00:00
eurojackpot,2014-12-05,40359660.0,70642562.8,-30282902.799999997,api,2026-07-20T15:11:07.668155+00:00
eurojackpot,2014-12-12,21901310.0,5683976.3,16217333.7,api,2026-07-20T15:11:08.484410+00:00
eurojackpot,2014-12-19,22701142.0,5872139.899999999,16829002.1,api,2026-07-20T15:11:09.262995+00:00
eurojackpot,2014-12-26,20542808.0,23113871.7,-2571063.6999999993,api,2026-07-20T15:11:10.054688+00:00
eurojackpot,2015-01-02,20722614.0,5367966.8,15354647.2,api,2026-07-20T15:11:11.139666+00:00
eurojackpot,2015-01-09,20796592.0,5380689.6,15415902.4,api,2026-07-20T15:11:11.936564+00:00
eurojackpot,2015-01-16,22643162.0,5873012.899999999,16770149.100000001,api,2026-07-20T15:11:12.724899+00:00
eurojackpot,2015-01-23,24522724.0,6350042.100000001,18172681.9,api,2026-07-20T15:11:13.534358+00:00
eurojackpot,2015-01-30,26622380.0,5775504.6,20846875.4,api,2026-07-20T15:11:14.351361+00:00
eurojackpot,2015-02-06,28584936.0,6206354.699999999,22378581.3,api,2026-07-20T15:11:15.149286+00:00
eurojackpot,2015-02-13,33789174.0,11092343.600000001,22696830.4,api,2026-07-20T15:11:15.992936+00:00
eurojackpot,2015-02-20,36235066.0,59030775.39999999,-22795709.39999999,api,2026-07-20T15:11:16.795821+00:00
eurojackpot,2015-02-27,22618050.0,5855424.5,16762625.5,api,2026-07-20T15:11:17.644779+00:00
eurojackpot,2015-03-06,22741730.0,5905003.3999999985,16836726.6,api,2026-07-20T15:11:18.443532+00:00
eurojackpot,2015-03-13,24461202.0,6328141.2,18133060.8,api,2026-07-20T15:11:19.232790+00:00
eurojackpot,2015-03-20,24946150.0,6448400.800000001,18497749.2,api,2026-07-20T15:11:20.018392+00:00
eurojackpot,2015-03-27,26468490.0,5721570.5,20746919.5,api,2026-07-20T15:11:20.779636+00:00
eurojackpot,2015-04-03,28452636.0,8489010.7,19963625.3,api,2026-07-20T15:11:21.546746+00:00
eurojackpot,2015-04-10,31413308.0,8133688.6,23279619.4,api,2026-07-20T15:11:22.385502+00:00
eurojackpot,2015-04-17,38178262.0,9870371.7,28307890.3,api,2026-07-20T15:11:23.153160+00:00
eurojackpot,2015-04-24,47999032.0,12432325.5,35566706.5,api,2026-07-20T15:11:23.917426+00:00
eurojackpot,2015-05-01,58014530.0,15020998.7,42993531.3,api,2026-07-20T15:11:24.701356+00:00
eurojackpot,2015-05-08,80763988.0,26095031.0,54668957.0,api,2026-07-20T15:11:25.514565+00:00
eurojackpot,2015-05-15,80751046.0,130463407.10000001,-49712361.10000001,api,2026-07-20T15:11:26.336276+00:00
eurojackpot,2015-05-22,27871394.0,7205781.1,20665612.9,api,2026-07-20T15:11:27.146274+00:00
eurojackpot,2015-05-29,27562098.0,7142889.699999999,20419208.3,api,2026-07-20T15:11:27.932543+00:00
eurojackpot,2015-06-05,27821978.0,30455494.799999997,-2633516.799999997,api,2026-07-20T15:11:28.770981+00:00
eurojackpot,2015-06-12,24212022.0,6271112.600000001,17940909.4,api,2026-07-20T15:11:29.580204+00:00
eurojackpot,2015-06-19,24547710.0,6366332.8,18181377.2,api,2026-07-20T15:11:30.373901+00:00
eurojackpot,2015-06-26,24758312.0,6403028.1,18355283.9,api,2026-07-20T15:11:31.214588+00:00
eurojackpot,2015-07-03,25626196.0,5567032.699999999,20059163.3,api,2026-07-20T15:11:32.009931+00:00
eurojackpot,2015-07-10,28566524.0,6181364.199999999,22385159.8,api,2026-07-20T15:11:32.780443+00:00
eurojackpot,2015-07-17,31088578.0,10346438.4,20742139.6,api,2026-07-20T15:11:33.620251+00:00
eurojackpot,2015-07-24,34395818.0,55052061.2,-20656243.200000003,api,2026-07-20T15:11:34.382001+00:00
eurojackpot,2015-07-31,24287566.0,6302568.5,17984997.5,api,2026-07-20T15:11:35.145075+00:00
eurojackpot,2015-08-07,24040336.0,6220311.7,17820024.3,api,2026-07-20T15:11:35.957031+00:00
eurojackpot,2015-08-14,25255850.0,6557940.2,18697909.8,api,2026-07-20T15:11:36.754688+00:00
eurojackpot,2015-08-21,26137128.0,6771104.9,19366023.1,api,2026-07-20T15:11:37.521550+00:00
eurojackpot,2015-08-28,29067230.0,7523390.5,21543839.5,api,2026-07-20T15:11:38.322835+00:00
eurojackpot,2015-09-04,31948566.0,47133708.99999999,-15185142.999999993,api,2026-07-20T15:11:39.123180+00:00
eurojackpot,2015-09-11,23842288.0,6177766.7,17664521.3,api,2026-07-20T15:11:39.919715+00:00
eurojackpot,2015-09-18,24152196.0,6261090.6,17891105.4,api,2026-07-20T15:11:40.676654+00:00
eurojackpot,2015-09-25,24953240.0,6474188.5,18479051.5,api,2026-07-20T15:11:41.493819+00:00
eurojackpot,2015-10-02,27249886.0,7062516.399999999,20187369.6,api,2026-07-20T15:11:42.282780+00:00
eurojackpot,2015-10-09,30485170.0,39482724.2,-8997554.200000003,api,2026-07-20T15:11:43.044995+00:00
eurojackpot,2015-10-16,23960620.0,6190536.7,17770083.3,api,2026-07-20T15:11:43.854615+00:00
eurojackpot,2015-10-23,24387394.0,6314657.4,18072736.6,api,2026-07-20T15:11:44.654236+00:00
eurojackpot,2015-10-30,26274446.0,6799570.6,19474875.4,api,2026-07-20T15:11:45.444941+00:00
eurojackpot,2015-11-06,28460128.0,7385177.0,21074951.0,api,2026-07-20T15:11:46.268315+00:00
eurojackpot,2015-11-13,33082452.0,41221939.99999999,-8139487.999999993,api,2026-07-20T15:11:47.060942+00:00
eurojackpot,2015-11-20,23927640.0,6212129.5,17715510.5,api,2026-07-20T15:11:47.854133+00:00
eurojackpot,2015-11-27,24157688.0,6251278.8,17906409.2,api,2026-07-20T15:11:48.680419+00:00
eurojackpot,2015-12-04,25989302.0,6714823.5,19274478.5,api,2026-07-20T15:11:49.519947+00:00
eurojackpot,2015-12-11,28026736.0,7275106.199999999,20751629.8,api,2026-07-20T15:11:50.341037+00:00
eurojackpot,2015-12-18,31865424.0,8250341.5,23615082.5,api,2026-07-20T15:11:51.190264+00:00
eurojackpot,2015-12-25,33988758.0,8784798.0,25203960.0,api,2026-07-20T15:11:51.952223+00:00
eurojackpot,2016-01-08,24231894.0,6284366.2,17947527.8,api,2026-07-20T15:11:53.043101+00:00
eurojackpot,2016-01-15,25423218.0,6605921.800000001,18817296.2,api,2026-07-20T15:11:53.858585+00:00
eurojackpot,2016-01-22,26684134.0,26309764.799999997,374369.200000003,api,2026-07-20T15:11:54.621753+00:00
eurojackpot,2016-01-29,24470844.0,5292789.6,19178054.4,api,2026-07-20T15:11:55.420498+00:00
eurojackpot,2016-02-05,25209798.0,7567045.700000001,17642752.299999997,api,2026-07-20T15:11:56.216091+00:00
eurojackpot,2016-02-12,26185408.0,6786741.0,19398667.0,api,2026-07-20T15:11:56.994464+00:00
eurojackpot,2016-02-19,27993708.0,7261387.199999999,20732320.8,api,2026-07-20T15:11:57.775409+00:00
eurojackpot,2016-02-26,31787514.0,8224876.0,23562638.0,api,2026-07-20T15:11:58.560614+00:00
eurojackpot,2016-03-04,37298048.0,9670587.5,27627460.5,api,2026-07-20T15:11:59.322221+00:00
eurojackpot,2016-03-11,43852168.0,11346615.299999999,32505552.700000003,api,2026-07-20T15:12:00.115665+00:00
eurojackpot,2016-03-18,51293110.0,13266686.0,38026424.0,api,2026-07-20T15:12:00.927071+00:00
eurojackpot,2016-03-25,59539114.0,92211701.90000002,-32672587.90000002,api,2026-07-20T15:12:01.684568+00:00
eurojackpot,2016-04-01,27007562.0,7013747.0,19993815.0,api,2026-07-20T15:12:02.452302+00:00
eurojackpot,2016-04-08,27241802.0,7052793.7,20189008.3,api,2026-07-20T15:12:03.218926+00:00
eurojackpot,2016-04-15,28985218.0,7509215.6,21476002.4,api,2026-07-20T15:12:04.009095+00:00
eurojackpot,2016-04-22,30121798.0,36875384.0,-6753586.0,api,2026-07-20T15:12:04.847274+00:00
eurojackpot,2016-04-29,25608238.0,6641580.399999999,18966657.6,api,2026-07-20T15:12:05.669006+00:00
eurojackpot,2016-05-06,24871460.0,20920529.300000004,3950930.6999999955,api,2026-07-20T15:12:06.456461+00:00
eurojackpot,2016-05-13,24794782.0,16425359.299999997,8369422.700000003,api,2026-07-20T15:12:07.223865+00:00
eurojackpot,2016-05-20,23399288.0,6056569.0,17342719.0,api,2026-07-20T15:12:08.051019+00:00
eurojackpot,2016-05-27,23635850.0,6113900.399999999,17521949.6,api,2026-07-20T15:12:08.807307+00:00
eurojackpot,2016-06-03,25352634.0,6571000.0,18781634.0,api,2026-07-20T15:12:09.593739+00:00
eurojackpot,2016-06-10,26906386.0,5838790.1,21067595.9,api,2026-07-20T15:12:10.344779+00:00
eurojackpot,2016-06-17,28655240.0,8566646.2,20088593.8,api,2026-07-20T15:12:11.169802+00:00
eurojackpot,2016-06-24,30976322.0,8021634.600000001,22954687.4,api,2026-07-20T15:12:12.005778+00:00
eurojackpot,2016-07-01,35096710.0,9113394.8,25983315.2,api,2026-07-20T15:12:12.799565+00:00
eurojackpot,2016-07-08,37560426.0,9755278.4,27805147.6,api,2026-07-20T15:12:13.611588+00:00
eurojackpot,2016-07-15,43393450.0,11228010.1,32165439.9,api,2026-07-20T15:12:14.402803+00:00
eurojackpot,2016-07-22,49072822.0,12728506.0,36344316.0,api,2026-07-20T15:12:15.228591+00:00
eurojackpot,2016-07-29,62567082.0,101002552.10000001,-38435470.10000001,api,2026-07-20T15:12:16.033119+00:00
eurojackpot,2016-08-05,27124102.0,5863762.7,21260339.3,api,2026-07-20T15:12:16.861355+00:00
eurojackpot,2016-08-12,27261204.0,8203437.5,19057766.5,api,2026-07-20T15:12:17.652750+00:00
eurojackpot,2016-08-19,27926904.0,7243977.699999999,20682926.3,api,2026-07-20T15:12:18.436259+00:00
eurojackpot,2016-08-26,28911242.0,7482673.9,21428568.1,api,2026-07-20T15:12:19.271329+00:00
eurojackpot,2016-09-02,32234482.0,7861100.199999999,24373381.8,api,2026-07-20T15:12:20.063557+00:00
eurojackpot,2016-09-09,35645800.0,9702880.8,25942919.2,api,2026-07-20T15:12:20.831631+00:00
eurojackpot,2016-09-16,40713232.0,10536632.8,30176599.2,api,2026-07-20T15:12:21.621914+00:00
eurojackpot,2016-09-23,46956002.0,12148655.8,34807346.2,api,2026-07-20T15:12:22.381757+00:00
eurojackpot,2016-09-30,56568532.0,14667247.2,41901284.8,api,2026-07-20T15:12:23.175497+00:00
eurojackpot,2016-10-07,73721270.0,24161681.0,49559589.0,api,2026-07-20T15:12:23.993913+00:00
eurojackpot,2016-10-14,79950034.0,129496922.0,-49546888.0,api,2026-07-20T15:12:24.784280+00:00
eurojackpot,2016-10-21,31196774.0,18623143.599999998,12573630.400000002,api,2026-07-20T15:12:25.574270+00:00
eurojackpot,2016-10-28,29546370.0,7651456.1,21894913.9,api,2026-07-20T15:12:26.372721+00:00
eurojackpot,2016-11-04,30536060.0,7912975.2,22623084.8,api,2026-07-20T15:12:27.197141+00:00
eurojackpot,2016-11-11,31343822.0,8101945.300000001,23241876.7,api,2026-07-20T15:12:27.980895+00:00
eurojackpot,2016-11-18,32997454.0,8551821.2,24445632.8,api,2026-07-20T15:12:28.818751+00:00
eurojackpot,2016-11-25,35427528.0,9191121.200000001,26236406.799999997,api,2026-07-20T15:12:29.582975+00:00
eurojackpot,2016-12-02,40143296.0,10396150.899999999,29747145.1,api,2026-07-20T15:12:30.377867+00:00
eurojackpot,2016-12-09,42914022.0,11136770.5,31777251.5,api,2026-07-20T15:12:31.194742+00:00
eurojackpot,2016-12-16,49134332.0,12713492.7,36420839.3,api,2026-07-20T15:12:32.001017+00:00
eurojackpot,2016-12-23,62337680.0,16117688.2,46219991.8,api,2026-07-20T15:12:32.799693+00:00
eurojackpot,2016-12-30,71721126.0,28827148.200000003,42893977.8,api,2026-07-20T15:12:33.622833+00:00
eurojackpot,2017-01-06,74230732.0,126966003.2,-52735271.2,api,2026-07-20T15:12:34.724479+00:00
eurojackpot,2017-01-13,34159190.0,8833143.7,25326046.3,api,2026-07-20T15:12:35.532718+00:00
eurojackpot,2017-01-20,32706936.0,8466878.4,24240057.6,api,2026-07-20T15:12:36.305773+00:00
eurojackpot,2017-01-27,34068330.0,8812881.7,25255448.3,api,2026-07-20T15:12:37.095506+00:00
eurojackpot,2017-02-03,37527750.0,9708861.6,27818888.4,api,2026-07-20T15:12:37.890688+00:00
eurojackpot,2017-02-10,40116976.0,55518336.1,-15401360.100000001,api,2026-07-20T15:12:38.685550+00:00
eurojackpot,2017-02-17,30587124.0,7925625.9,22661498.1,api,2026-07-20T15:12:39.474544+00:00
eurojackpot,2017-02-24,30968216.0,7996202.3999999985,22972013.6,api,2026-07-20T15:12:40.256740+00:00
eurojackpot,2017-03-03,33088452.0,8582464.0,24505988.0,api,2026-07-20T15:12:41.053635+00:00
eurojackpot,2017-03-10,35011784.0,9063328.1,25948455.9,api,2026-07-20T15:12:41.828824+00:00
eurojackpot,2017-03-17,37698802.0,9748406.9,27950395.1,api,2026-07-20T15:12:42.620864+00:00
eurojackpot,2017-03-24,40835108.0,10556390.100000001,30278717.9,api,2026-07-20T15:12:43.414295+00:00
eurojackpot,2017-03-31,46099214.0,11952444.1,34146769.9,api,2026-07-20T15:12:44.204592+00:00
eurojackpot,2017-04-07,52914060.0,13703908.9,39210151.1,api,2026-07-20T15:12:44.985394+00:00
eurojackpot,2017-04-14,57999676.0,101976157.39999999,-43976481.39999999,api,2026-07-20T15:12:45.828730+00:00
eurojackpot,2017-04-21,30337086.0,7874738.1,22462347.9,api,2026-07-20T15:12:46.599142+00:00
eurojackpot,2017-04-28,32104618.0,6931143.8,25173474.2,api,2026-07-20T15:12:47.358422+00:00
eurojackpot,2017-05-05,32598480.0,9815809.8,22782670.2,api,2026-07-20T15:12:48.155375+00:00
eurojackpot,2017-05-12,34440288.0,8942579.4,25497708.6,api,2026-07-20T15:12:48.945249+00:00
eurojackpot,2017-05-19,36454476.0,9451203.1,27003272.9,api,2026-07-20T15:12:49.740033+00:00
eurojackpot,2017-05-26,37575520.0,60014430.70000001,-22438910.70000001,api,2026-07-20T15:12:50.512924+00:00
eurojackpot,2017-06-02,28700340.0,7448511.700000001,21251828.299999997,api,2026-07-20T15:12:51.313604+00:00
eurojackpot,2017-06-09,29026944.0,7510522.2,21516421.8,api,2026-07-20T15:12:52.122863+00:00
eurojackpot,2017-06-16,30406996.0,6586351.3,23820644.7,api,2026-07-20T15:12:52.938358+00:00
eurojackpot,2017-06-23,32088532.0,9623325.100000001,22465206.9,api,2026-07-20T15:12:53.733511+00:00
eurojackpot,2017-06-30,35222884.0,9116818.5,26106065.5,api,2026-07-20T15:12:54.523122+00:00
eurojackpot,2017-07-07,37710714.0,56256357.000000015,-18545643.000000015,api,2026-07-20T15:12:55.341117+00:00
eurojackpot,2017-07-14,28996288.0,7519507.0,21476781.0,api,2026-07-20T15:12:56.144836+00:00
eurojackpot,2017-07-21,29388600.0,6368730.8,23019869.2,api,2026-07-20T15:12:56.944954+00:00
eurojackpot,2017-07-28,30865528.0,6690439.300000001,24175088.7,api,2026-07-20T15:12:57.741323+00:00
eurojackpot,2017-08-04,33195914.0,7170884.8,26025029.2,api,2026-07-20T15:12:58.565211+00:00
eurojackpot,2017-08-11,35361096.0,13158360.700000001,22202735.299999997,api,2026-07-20T15:12:59.338806+00:00
eurojackpot,2017-08-18,39139914.0,57497122.0,-18357208.0,api,2026-07-20T15:13:00.136237+00:00
eurojackpot,2017-08-25,28745024.0,7433435.699999999,21311588.3,api,2026-07-20T15:13:00.947505+00:00
eurojackpot,2017-09-01,30215972.0,7838747.4,22377224.6,api,2026-07-20T15:13:01.743262+00:00
eurojackpot,2017-09-08,31617442.0,8202578.6,23414863.4,api,2026-07-20T15:13:02.519753+00:00
eurojackpot,2017-09-15,36264036.0,40104206.199999996,-3840170.1999999955,api,2026-07-20T15:13:03.309912+00:00
eurojackpot,2017-09-22,30163226.0,7837573.3,22325652.7,api,2026-07-20T15:13:04.146284+00:00
eurojackpot,2017-09-29,31532588.0,8185088.4,23347499.6,api,2026-07-20T15:13:04.925248+00:00
eurojackpot,2017-10-06,32798512.0,8505381.5,24293130.5,api,2026-07-20T15:13:05.761358+00:00
eurojackpot,2017-10-13,38448238.0,9973401.3,28474836.7,api,2026-07-20T15:13:06.544436+00:00
eurojackpot,2017-10-20,40964860.0,52170666.59999999,-11205806.599999987,api,2026-07-20T15:13:07.310443+00:00
eurojackpot,2017-10-27,30351240.0,7868003.9,22483236.1,api,2026-07-20T15:13:08.123417+00:00
eurojackpot,2017-11-03,31371702.0,6780223.199999999,24591478.8,api,2026-07-20T15:13:08.895489+00:00
eurojackpot,2017-11-10,33539344.0,33464047.1,75296.89999999851,api,2026-07-20T15:13:09.663468+00:00
eurojackpot,2017-11-17,29486256.0,16403417.099999998,13082838.900000002,api,2026-07-20T15:13:10.445349+00:00
eurojackpot,2017-11-24,28969524.0,18770878.9,10198645.100000001,api,2026-07-20T15:13:11.235012+00:00
eurojackpot,2017-12-01,29368490.0,7607958.399999999,21760531.6,api,2026-07-20T15:13:12.049291+00:00
eurojackpot,2017-12-08,30290052.0,7839146.399999999,22450905.6,api,2026-07-20T15:13:12.864197+00:00
eurojackpot,2017-12-15,32270474.0,6992496.199999999,25277977.8,api,2026-07-20T15:13:13.623279+00:00
eurojackpot,2017-12-22,37222064.0,11036053.2,26186010.8,api,2026-07-20T15:13:14.447140+00:00
eurojackpot,2017-12-29,39169456.0,10162710.4,29006745.6,api,2026-07-20T15:13:15.228341+00:00
eurojackpot,2018-01-05,42621542.0,11064884.4,31556657.6,api,2026-07-20T15:13:16.353861+00:00
eurojackpot,2018-01-12,49010994.0,12664602.4,36346391.6,api,2026-07-20T15:13:17.166384+00:00
eurojackpot,2018-01-19,56102658.0,14492727.8,41609930.2,api,2026-07-20T15:13:17.959222+00:00
eurojackpot,2018-01-26,71304514.0,18516148.0,52788366.0,api,2026-07-20T15:13:18.747426+00:00
eurojackpot,2018-02-02,94676370.0,40979783.9,53696586.1,api,2026-07-20T15:13:19.520554+00:00
eurojackpot,2018-02-09,100772336.0,139982709.89999998,-39210373.899999976,api,2026-07-20T15:13:20.336424+00:00
eurojackpot,2018-02-16,37994014.0,9826372.5,28167641.5,api,2026-07-20T15:13:21.134317+00:00
eurojackpot,2018-02-23,38568958.0,9988707.6,28580250.4,api,2026-07-20T15:13:21.905054+00:00
eurojackpot,2018-03-02,41480060.0,10759419.100000001,30720640.9,api,2026-07-20T15:13:22.709434+00:00
eurojackpot,2018-03-09,44874446.0,54289185.4,-9414739.399999999,api,2026-07-20T15:13:23.526983+00:00
eurojackpot,2018-03-16,34275444.0,7397855.5,26877588.5,api,2026-07-20T15:13:24.334277+00:00
eurojackpot,2018-03-23,35760900.0,28191155.7,7569744.300000001,api,2026-07-20T15:13:25.133667+00:00
eurojackpot,2018-03-30,32296392.0,8350773.0,23945619.0,api,2026-07-20T15:13:25.930596+00:00
eurojackpot,2018-04-06,33088596.0,8567048.8,24521547.2,api,2026-07-20T15:13:26.765070+00:00
eurojackpot,2018-04-13,37833540.0,9822508.100000001,28011031.9,api,2026-07-20T15:13:27.557106+00:00
eurojackpot,2018-04-20,37177284.0,9620752.5,27556531.5,api,2026-07-20T15:13:28.350637+00:00
eurojackpot,2018-04-27,41463010.0,10727096.4,30735913.6,api,2026-07-20T15:13:29.165909+00:00
eurojackpot,2018-05-04,46149578.0,11946645.3,34202932.7,api,2026-07-20T15:13:30.017139+00:00
eurojackpot,2018-05-11,49563350.0,12860689.8,36702660.2,api,2026-07-20T15:13:30.845096+00:00
eurojackpot,2018-05-18,59512634.0,15427987.1,44084646.9,api,2026-07-20T15:13:31.617930+00:00
eurojackpot,2018-05-25,71551564.0,24847264.799999997,46704299.2,api,2026-07-20T15:13:32.405198+00:00
eurojackpot,2018-06-01,79275546.0,39138883.300000004,40136662.699999996,api,2026-07-20T15:13:33.198513+00:00
eurojackpot,2018-06-08,83365398.0,41420823.5,41944574.5,api,2026-07-20T15:13:34.024295+00:00
eurojackpot,2018-06-15,84536378.0,42182129.5,42354248.5,api,2026-07-20T15:13:34.837217+00:00
eurojackpot,2018-06-22,84237880.0,42173126.300000004,42064753.699999996,api,2026-07-20T15:13:35.658322+00:00
eurojackpot,2018-06-29,84290836.0,42170864.3,42119971.7,api,2026-07-20T15:13:36.496544+00:00
eurojackpot,2018-07-06,85002404.0,132429855.8,-47427451.8,api,2026-07-20T15:13:37.309752+00:00
eurojackpot,2018-07-13,42195090.0,10918456.200000001,31276633.799999997,api,2026-07-20T15:13:38.105089+00:00
eurojackpot,2018-07-20,41119650.0,33396910.300000004,7722739.6999999955,api,2026-07-20T15:13:38.882002+00:00
eurojackpot,2018-07-27,36610080.0,9477497.6,27132582.4,api,2026-07-20T15:13:39.696366+00:00
eurojackpot,2018-08-03,39108996.0,10109576.9,28999419.1,api,2026-07-20T15:13:40.496284+00:00
eurojackpot,2018-08-10,40853196.0,10613061.8,30240134.2,api,2026-07-20T15:13:41.269726+00:00
eurojackpot,2018-08-17,43488062.0,11268079.8,32219982.2,api,2026-07-20T15:13:42.071545+00:00
eurojackpot,2018-08-24,47186994.0,12226540.1,34960453.9,api,2026-07-20T15:13:42.849710+00:00
eurojackpot,2018-08-31,52302452.0,75374766.89999999,-23072314.89999999,api,2026-07-20T15:13:43.646983+00:00
eurojackpot,2018-09-07,36917070.0,9585664.1,27331405.9,api,2026-07-20T15:13:44.458874+00:00
eurojackpot,2018-09-14,38452000.0,9967278.9,28484721.1,api,2026-07-20T15:13:45.286909+00:00
eurojackpot,2018-09-21,40971820.0,10635921.0,30335899.0,api,2026-07-20T15:13:46.060761+00:00
eurojackpot,2018-09-28,42780488.0,11082347.100000001,31698140.9,api,2026-07-20T15:13:46.818981+00:00
eurojackpot,2018-10-05,46429416.0,12015028.9,34414387.1,api,2026-07-20T15:13:47.614624+00:00
eurojackpot,2018-10-12,52385110.0,13594797.099999998,38790312.900000006,api,2026-07-20T15:13:48.416122+00:00
eurojackpot,2018-10-19,60878800.0,15740169.3,45138630.7,api,2026-07-20T15:13:49.252468+00:00
eurojackpot,2018-10-26,72732866.0,21938422.0,50794444.0,api,2026-07-20T15:13:50.011444+00:00
eurojackpot,2018-11-02,77675666.0,38563140.900000006,39112525.099999994,api,2026-07-20T15:13:50.820238+00:00
eurojackpot,2018-11-09,80425826.0,40039265.10000001,40386560.89999999,api,2026-07-20T15:13:51.652469+00:00
eurojackpot,2018-11-16,81911184.0,130786147.80000001,-48874963.80000001,api,2026-07-20T15:13:52.439294+00:00
eurojackpot,2018-11-23,41136930.0,10652829.9,30484100.1,api,2026-07-20T15:13:53.212976+00:00
eurojackpot,2018-11-30,42395584.0,11000014.899999999,31395569.1,api,2026-07-20T15:13:54.003056+00:00
eurojackpot,2018-12-07,44773108.0,44799751.0,-26643.0,api,2026-07-20T15:13:54.796576+00:00
eurojackpot,2018-12-14,38672990.0,20014136.900000002,18658853.099999998,api,2026-07-20T15:13:55.584505+00:00
eurojackpot,2018-12-21,40163398.0,10423592.4,29739805.6,api,2026-07-20T15:13:56.372970+00:00
eurojackpot,2018-12-28,41647852.0,29992235.599999998,11655616.400000002,api,2026-07-20T15:13:57.183334+00:00
eurojackpot,2019-01-04,36159076.0,9351391.2,26807684.8,api,2026-07-20T15:13:58.259215+00:00
eurojackpot,2019-01-11,38429284.0,9967929.5,28461354.5,api,2026-07-20T15:13:59.051573+00:00
eurojackpot,2019-01-18,41724048.0,10790774.7,30933273.3,api,2026-07-20T15:13:59.894512+00:00
eurojackpot,2019-01-25,44197696.0,11464657.0,32733039.0,api,2026-07-20T15:14:00.710787+00:00
eurojackpot,2019-02-01,49796040.0,12877012.200000003,36919027.8,api,2026-07-20T15:14:01.513464+00:00
eurojackpot,2019-02-08,55553830.0,77592903.2,-22039073.200000003,api,2026-07-20T15:14:02.351751+00:00
eurojackpot,2019-02-15,38021756.0,9835558.8,28186197.2,api,2026-07-20T15:14:03.114351+00:00
eurojackpot,2019-02-22,39633274.0,10279728.3,29353545.7,api,2026-07-20T15:14:03.953745+00:00
eurojackpot,2019-03-01,42876574.0,11085808.3,31790765.7,api,2026-07-20T15:14:04.757708+00:00
eurojackpot,2019-03-08,47363266.0,12281046.8,35082219.2,api,2026-07-20T15:14:05.512140+00:00
eurojackpot,2019-03-15,52917316.0,67123232.3,-14205916.299999997,api,2026-07-20T15:14:06.306582+00:00
eurojackpot,2019-03-22,37750524.0,8162456.3,29588067.7,api,2026-07-20T15:14:07.144051+00:00
eurojackpot,2019-03-29,40398556.0,12088456.700000001,28310099.299999997,api,2026-07-20T15:14:07.904860+00:00
eurojackpot,2019-04-05,42029132.0,10871505.7,31157626.3,api,2026-07-20T15:14:08.660433+00:00
eurojackpot,2019-04-12,45263456.0,11739370.7,33524085.3,api,2026-07-20T15:14:09.409443+00:00
eurojackpot,2019-04-19,48083552.0,12486105.899999999,35597446.1,api,2026-07-20T15:14:10.179111+00:00
eurojackpot,2019-04-26,54143372.0,14060523.399999999,40082848.6,api,2026-07-20T15:14:10.988997+00:00
eurojackpot,2019-05-03,64462932.0,16659183.1,47803748.9,api,2026-07-20T15:14:11.742005+00:00
eurojackpot,2019-05-10,79598008.0,118203067.10000002,-38605059.100000024,api,2026-07-20T15:14:12.506938+00:00
eurojackpot,2019-05-17,39832156.0,10326028.900000002,29506127.099999998,api,2026-07-20T15:14:13.263203+00:00
eurojackpot,2019-05-24,41251970.0,10684889.4,30567080.6,api,2026-07-20T15:14:14.029270+00:00
eurojackpot,2019-05-31,43476198.0,11255450.5,32220747.5,api,2026-07-20T15:14:14.793435+00:00
eurojackpot,2019-06-07,47164734.0,12203484.8,34961249.2,api,2026-07-20T15:14:15.635042+00:00
eurojackpot,2019-06-14,50331156.0,68348745.10000001,-18017589.10000001,api,2026-07-20T15:14:16.389897+00:00
eurojackpot,2019-06-21,37090362.0,9619643.4,27470718.6,api,2026-07-20T15:14:17.188844+00:00
eurojackpot,2019-06-28,38691440.0,28967282.999999996,9724157.000000004,api,2026-07-20T15:14:17.955009+00:00
eurojackpot,2019-07-05,36434924.0,9452886.0,26982038.0,api,2026-07-20T15:14:18.713354+00:00
eurojackpot,2019-07-12,38184960.0,9881551.5,28303408.5,api,2026-07-20T15:14:19.499125+00:00
eurojackpot,2019-07-19,40965768.0,10608973.8,30356794.2,api,2026-07-20T15:14:20.279815+00:00
eurojackpot,2019-07-26,42728246.0,11072646.7,31655599.3,api,2026-07-20T15:14:21.090284+00:00
eurojackpot,2019-08-02,48759138.0,12616724.600000001,36142413.4,api,2026-07-20T15:14:21.864875+00:00
eurojackpot,2019-08-09,54472426.0,14128393.400000002,40344032.599999994,api,2026-07-20T15:14:22.640950+00:00
eurojackpot,2019-08-16,61642580.0,16007032.4,45635547.6,api,2026-07-20T15:14:23.426297+00:00
eurojackpot,2019-08-23,77967320.0,114417634.6,-36450314.599999994,api,2026-07-20T15:14:24.202842+00:00
eurojackpot,2019-08-30,39851474.0,10314445.8,29537028.2,api,2026-07-20T15:14:25.302071+00:00
eurojackpot,2019-09-06,42197312.0,10956693.2,31240618.8,api,2026-07-20T15:14:26.422393+00:00
eurojackpot,2019-09-13,47653662.0,12362006.299999999,35291655.7,api,2026-07-20T15:14:27.417377+00:00
eurojackpot,2019-09-20,48314422.0,57181140.49999999,-8866718.499999993,api,2026-07-20T15:14:28.526656+00:00
eurojackpot,2019-09-27,38232780.0,9916205.899999999,28316574.1,api,2026-07-20T15:14:29.624506+00:00
eurojackpot,2019-10-04,40242622.0,9797396.7,30445225.3,api,2026-07-20T15:14:30.519300+00:00
eurojackpot,2019-10-11,42550282.0,11632747.0,30917535.0,api,2026-07-20T15:14:31.282662+00:00
eurojackpot,2019-10-18,46590302.0,12091185.5,34499116.5,api,2026-07-20T15:14:32.048752+00:00
eurojackpot,2019-10-25,51866828.0,13429356.099999998,38437471.900000006,api,2026-07-20T15:14:32.843917+00:00
eurojackpot,2019-11-01,56346456.0,14599185.1,41747270.9,api,2026-07-20T15:14:33.657254+00:00
eurojackpot,2019-11-08,65733198.0,17042745.3,48690452.7,api,2026-07-20T15:14:34.492406+00:00
eurojackpot,2019-11-15,79740466.0,30230400.0,49510066.0,api,2026-07-20T15:14:35.306098+00:00
eurojackpot,2019-11-22,83916218.0,131647257.59999998,-47731039.59999998,api,2026-07-20T15:14:36.103689+00:00
eurojackpot,2019-11-29,42722274.0,11085544.899999999,31636729.1,api,2026-07-20T15:14:36.885632+00:00
eurojackpot,2019-12-06,44937928.0,35155133.800000004,9782794.199999996,api,2026-07-20T15:14:37.671143+00:00
eurojackpot,2019-12-13,42861784.0,21575897.5,21285886.5,api,2026-07-20T15:14:38.425734+00:00
eurojackpot,2019-12-20,41067602.0,10014763.7,31052838.3,api,2026-07-20T15:14:39.221885+00:00
eurojackpot,2019-12-27,40653152.0,11165512.8,29487639.2,api,2026-07-20T15:14:40.053115+00:00
eurojackpot,2020-01-03,43682096.0,11300986.399999999,32381109.6,api,2026-07-20T15:14:41.131316+00:00
eurojackpot,2020-01-10,48843082.0,12665641.2,36177440.8,api,2026-07-20T15:14:41.956270+00:00
eurojackpot,2020-01-17,55578606.0,14378479.3,41200126.7,api,2026-07-20T15:14:42.750248+00:00
eurojackpot,2020-01-24,61641152.0,15947944.800000003,45693207.199999996,api,2026-07-20T15:14:43.544897+00:00
eurojackpot,2020-01-31,72820190.0,18851005.5,53969184.5,api,2026-07-20T15:14:44.321499+00:00
eurojackpot,2020-02-07,85698106.0,127980981.80000003,-42282875.80000003,api,2026-07-20T15:14:45.089738+00:00
eurojackpot,2020-02-14,43598558.0,11287787.2,32310770.8,api,2026-07-20T15:14:45.883774+00:00
eurojackpot,2020-02-21,45702162.0,11833785.600000001,33868376.4,api,2026-07-20T15:14:46.674567+00:00
eurojackpot,2020-02-28,48439194.0,12574202.5,35864991.5,api,2026-07-20T15:14:47.480748+00:00
eurojackpot,2020-03-06,53320028.0,13794057.2,39525970.8,api,2026-07-20T15:14:48.281841+00:00
eurojackpot,2020-03-13,58758288.0,15230784.399999999,43527503.6,api,2026-07-20T15:14:49.113564+00:00
eurojackpot,2020-03-20,55177444.0,14284637.5,40892806.5,api,2026-07-20T15:14:49.908426+00:00
eurojackpot,2020-03-27,62034472.0,16083116.3,45951355.7,api,2026-07-20T15:14:50.671689+00:00
eurojackpot,2020-04-03,72470288.0,35521001.099999994,36949286.900000006,api,2026-07-20T15:14:51.503368+00:00
eurojackpot,2020-04-10,73646678.0,36781962.099999994,36864715.900000006,api,2026-07-20T15:14:52.329704+00:00
eurojackpot,2020-04-17,78786378.0,39036340.5,39750037.5,api,2026-07-20T15:14:53.123920+00:00
eurojackpot,2020-04-24,84049640.0,41705089.7,42344550.3,api,2026-07-20T15:14:53.909611+00:00
eurojackpot,2020-05-01,86636616.0,133170003.89999999,-46533387.89999999,api,2026-07-20T15:14:54.707319+00:00
eurojackpot,2020-05-08,44433872.0,24798452.599999998,19635419.400000002,api,2026-07-20T15:14:55.524496+00:00
eurojackpot,2020-05-15,44165324.0,11456856.299999999,32708467.700000003,api,2026-07-20T15:14:56.304534+00:00
eurojackpot,2020-05-22,45784908.0,11847734.9,33937173.1,api,2026-07-20T15:14:57.091554+00:00
eurojackpot,2020-05-29,49515290.0,46131089.800000004,3384200.1999999955,api,2026-07-20T15:14:57.875252+00:00
eurojackpot,2020-06-05,41951474.0,10891326.6,31060147.4,api,2026-07-20T15:14:58.684587+00:00
eurojackpot,2020-06-12,44339686.0,11503225.5,32836460.5,api,2026-07-20T15:14:59.521510+00:00
eurojackpot,2020-06-19,48172672.0,12490547.6,35682124.4,api,2026-07-20T15:15:00.281547+00:00
eurojackpot,2020-06-26,51192870.0,57821395.20000001,-6628525.20000001,api,2026-07-20T15:15:01.067897+00:00
eurojackpot,2020-07-03,42878852.0,11099260.799999999,31779591.200000003,api,2026-07-20T15:15:01.851531+00:00
eurojackpot,2020-07-10,46371114.0,11999149.9,34371964.1,api,2026-07-20T15:15:02.625195+00:00
eurojackpot,2020-07-17,49718822.0,12853004.2,36865817.8,api,2026-07-20T15:15:03.410183+00:00
eurojackpot,2020-07-24,53871124.0,13937002.399999999,39934121.6,api,2026-07-20T15:15:04.199873+00:00
eurojackpot,2020-07-31,60160420.0,15595284.7,44565135.3,api,2026-07-20T15:15:04.998512+00:00
eurojackpot,2020-08-07,67491386.0,93793827.80000001,-26302441.800000012,api,2026-07-20T15:15:05.791994+00:00
eurojackpot,2020-08-14,43918604.0,11377226.0,32541378.0,api,2026-07-20T15:15:06.578999+00:00
eurojackpot,2020-08-21,46425284.0,10037184.5,36388099.5,api,2026-07-20T15:15:07.343834+00:00
eurojackpot,2020-08-28,50058416.0,49863334.1,195081.8999999985,api,2026-07-20T15:15:08.178468+00:00
eurojackpot,2020-09-04,43185044.0,9337875.6,33847168.4,api,2026-07-20T15:15:09.025686+00:00
eurojackpot,2020-09-11,46193570.0,35556388.39999999,10637181.600000009,api,2026-07-20T15:15:09.820639+00:00
eurojackpot,2020-09-18,42151482.0,10927305.1,31224176.9,api,2026-07-20T15:15:10.622848+00:00
eurojackpot,2020-09-25,44554000.0,11521414.5,33032585.5,api,2026-07-20T15:15:11.391728+00:00
eurojackpot,2020-10-02,49201984.0,12735928.899999999,36466055.1,api,2026-07-20T15:15:12.213522+00:00
eurojackpot,2020-10-09,52517786.0,13609682.200000001,38908103.8,api,2026-07-20T15:15:12.997755+00:00
eurojackpot,2020-10-16,58756038.0,74043626.5,-15287588.5,api,2026-07-20T15:15:13.813611+00:00
eurojackpot,2020-10-23,42624778.0,11028973.7,31595804.3,api,2026-07-20T15:15:14.587242+00:00
eurojackpot,2020-10-30,45696154.0,11836552.8,33859601.2,api,2026-07-20T15:15:15.341603+00:00
eurojackpot,2020-11-06,48576158.0,12552024.3,36024133.7,api,2026-07-20T15:15:16.148722+00:00
eurojackpot,2020-11-13,56738754.0,12251487.2,44487266.8,api,2026-07-20T15:15:16.910907+00:00
eurojackpot,2020-11-20,59892288.0,78988644.10000001,-19096356.10000001,api,2026-07-20T15:15:17.670045+00:00
eurojackpot,2020-11-27,42032666.0,22145408.099999998,19887257.900000002,api,2026-07-20T15:15:18.488195+00:00
eurojackpot,2020-12-04,42163680.0,10919950.6,31243729.4,api,2026-07-20T15:15:19.263427+00:00
eurojackpot,2020-12-11,44619028.0,11552414.2,33066613.8,api,2026-07-20T15:15:20.052492+00:00
eurojackpot,2020-12-18,48273670.0,12516383.1,35757286.9,api,2026-07-20T15:15:20.854804+00:00
eurojackpot,2020-12-25,49937484.0,12967587.399999999,36969896.6,api,2026-07-20T15:15:21.655582+00:00
eurojackpot,2021-01-08,69970634.0,18105438.5,51865195.5,api,2026-07-20T15:15:22.703430+00:00
eurojackpot,2021-01-15,88618590.0,117213576.70000002,-28594986.700000018,api,2026-07-20T15:15:23.496694+00:00
eurojackpot,2021-01-22,46514384.0,23847290.500000004,22667093.499999996,api,2026-07-20T15:15:24.278136+00:00
eurojackpot,2021-01-29,46038634.0,25003939.9,21034694.1,api,2026-07-20T15:15:25.047622+00:00
eurojackpot,2021-02-05,45514632.0,22844855.2,22669776.8,api,2026-07-20T15:15:25.823367+00:00
eurojackpot,2021-02-12,44181040.0,11429525.899999999,32751514.1,api,2026-07-20T15:15:26.584259+00:00
eurojackpot,2021-02-19,48761956.0,12645794.1,36116161.9,api,2026-07-20T15:15:27.391860+00:00
eurojackpot,2021-02-26,52840932.0,13674049.8,39166882.2,api,2026-07-20T15:15:28.189114+00:00
eurojackpot,2021-03-05,57952640.0,15046486.5,42906153.5,api,2026-07-20T15:15:28.967970+00:00
eurojackpot,2021-03-12,65496724.0,80547987.20000002,-15051263.200000018,api,2026-07-20T15:15:29.727802+00:00
eurojackpot,2021-03-19,45414620.0,11735666.899999999,33678953.1,api,2026-07-20T15:15:30.536266+00:00
eurojackpot,2021-03-26,48639490.0,12594675.0,36044815.0,api,2026-07-20T15:15:31.339938+00:00
eurojackpot,2021-04-02,51003426.0,13209585.4,37793840.6,api,2026-07-20T15:15:32.122641+00:00
eurojackpot,2021-04-09,56427908.0,63778019.6,-7350111.6000000015,api,2026-07-20T15:15:32.894627+00:00
eurojackpot,2021-04-16,44301944.0,11462757.6,32839186.4,api,2026-07-20T15:15:33.654778+00:00
eurojackpot,2021-04-23,47946768.0,12387045.8,35559722.2,api,2026-07-20T15:15:34.449819+00:00
eurojackpot,2021-04-30,51949360.0,13463890.7,38485469.3,api,2026-07-20T15:15:35.275955+00:00
eurojackpot,2021-05-07,56944200.0,14727518.0,42216682.0,api,2026-07-20T15:15:36.086658+00:00
eurojackpot,2021-05-14,63871516.0,16504847.600000001,47366668.4,api,2026-07-20T15:15:36.909740+00:00
eurojackpot,2021-05-21,72104566.0,18697229.5,53407336.5,api,2026-07-20T15:15:37.700946+00:00
eurojackpot,2021-05-28,84793944.0,121950225.99999997,-37156281.99999997,api,2026-07-20T15:15:38.523980+00:00
eurojackpot,2021-06-04,43990584.0,11413263.3,32577320.7,api,2026-07-20T15:15:39.290192+00:00
eurojackpot,2021-06-11,46408236.0,12021582.899999999,34386653.1,api,2026-07-20T15:15:40.095072+00:00
eurojackpot,2021-06-18,48985864.0,12720075.8,36265788.2,api,2026-07-20T15:15:40.891933+00:00
eurojackpot,2021-06-25,52521198.0,61792396.49999999,-9271198.499999993,api,2026-07-20T15:15:41.662395+00:00
eurojackpot,2021-07-02,42095108.0,10909259.5,31185848.5,api,2026-07-20T15:15:42.483803+00:00
eurojackpot,2021-07-09,44730564.0,11577431.5,33153132.5,api,2026-07-20T15:15:43.314041+00:00
eurojackpot,2021-07-16,47659440.0,12374151.0,35285289.0,api,2026-07-20T15:15:44.128827+00:00
eurojackpot,2021-07-23,50949986.0,13187306.899999999,37762679.1,api,2026-07-20T15:15:44.917288+00:00
eurojackpot,2021-07-30,57647396.0,14967686.2,42679709.8,api,2026-07-20T15:15:45.668487+00:00
eurojackpot,2021-08-06,66626190.0,17228901.6,49397288.4,api,2026-07-20T15:15:46.461674+00:00
eurojackpot,2021-08-13,84823692.0,115049530.19999999,-30225838.199999988,api,2026-07-20T15:15:47.231263+00:00
eurojackpot,2021-08-20,44082262.0,11433029.1,32649232.9,api,2026-07-20T15:15:48.016060+00:00
eurojackpot,2021-08-27,47023012.0,12174022.299999999,34848989.7,api,2026-07-20T15:15:48.769612+00:00
eurojackpot,2021-09-03,50952736.0,13192008.5,37760727.5,api,2026-07-20T15:15:49.525853+00:00
eurojackpot,2021-09-10,55087754.0,63573015.80000001,-8485261.800000012,api,2026-07-20T15:15:50.353817+00:00
eurojackpot,2021-09-17,43427156.0,11266878.8,32160277.2,api,2026-07-20T15:15:51.150246+00:00
eurojackpot,2021-09-24,46340286.0,34174215.1,12166070.899999999,api,2026-07-20T15:15:51.925633+00:00
eurojackpot,2021-10-01,43270894.0,11197964.799999999,32072929.200000003,api,2026-07-20T15:15:52.719959+00:00
eurojackpot,2021-10-08,46197664.0,11999604.2,34198059.8,api,2026-07-20T15:15:53.491520+00:00
eurojackpot,2021-10-15,49294488.0,45969143.00000001,3325344.9999999925,api,2026-07-20T15:15:54.251856+00:00
eurojackpot,2021-10-22,42860874.0,21843025.799999997,21017848.200000003,api,2026-07-20T15:15:55.047408+00:00
eurojackpot,2021-10-29,42087960.0,21114347.6,20973612.4,api,2026-07-20T15:15:55.868455+00:00
eurojackpot,2021-11-05,42191664.0,21095319.5,21096344.5,api,2026-07-20T15:15:56.680076+00:00
eurojackpot,2021-11-12,41734444.0,10831889.9,30902554.1,api,2026-07-20T15:15:57.450175+00:00
eurojackpot,2021-11-19,44858604.0,11647053.8,33211550.2,api,2026-07-20T15:15:58.239148+00:00
eurojackpot,2021-11-26,47136904.0,12215869.2,34921034.8,api,2026-07-20T15:15:59.044404+00:00
eurojackpot,2021-12-03,52771744.0,13676575.2,39095168.8,api,2026-07-20T15:15:59.835843+00:00
eurojackpot,2021-12-10,58614564.0,15133197.3,43481366.7,api,2026-07-20T15:16:00.593635+00:00
eurojackpot,2021-12-17,67274256.0,91163116.50000001,-23888860.500000015,api,2026-07-20T15:16:01.366853+00:00
eurojackpot,2021-12-24,47663014.0,24998298.0,22664716.0,api,2026-07-20T15:16:02.164518+00:00
eurojackpot,2021-12-31,50246502.0,12995725.099999998,37250776.900000006,api,2026-07-20T15:16:02.959569+00:00
eurojackpot,2022-01-07,45918930.0,11912757.3,34006172.7,api,2026-07-20T15:16:04.039255+00:00
eurojackpot,2022-01-14,49761984.0,12899746.0,36862238.0,api,2026-07-20T15:16:04.799398+00:00
eurojackpot,2022-01-21,55152284.0,62291420.9,-7139136.8999999985,api,2026-07-20T15:16:05.593453+00:00
eurojackpot,2022-01-28,43202816.0,22340926.099999998,20861889.900000002,api,2026-07-20T15:16:06.360169+00:00
eurojackpot,2022-02-04,42960086.0,11129939.6,31830146.4,api,2026-07-20T15:16:07.175985+00:00
eurojackpot,2022-02-11,45848080.0,11881209.7,33966870.3,api,2026-07-20T15:16:07.966747+00:00
eurojackpot,2022-02-18,49086552.0,12713396.3,36373155.7,api,2026-07-20T15:16:08.762397+00:00
eurojackpot,2022-02-25,51988640.0,13502260.799999997,38486379.2,api,2026-07-20T15:16:09.565210+00:00
eurojackpot,2022-03-04,56225058.0,14544436.4,41680621.6,api,2026-07-20T15:16:10.361710+00:00
eurojackpot,2022-03-11,64586918.0,16737628.2,47849289.8,api,2026-07-20T15:16:11.155886+00:00
eurojackpot,2022-03-18,74419746.0,110139317.50000001,-35719571.500000015,api,2026-07-20T15:16:11.961490+00:00
eurojackpot,2022-03-25,41437956.0,11356093.4,30081862.6,api,2026-07-20T15:16:12.763145+00:00
eurojackpot,2022-03-29,15146690.0,4157794.8000000007,10988895.2,api,2026-07-20T15:16:13.533169+00:00
eurojackpot,2022-04-01,41576798.0,36196912.3,5379885.700000003,api,2026-07-20T15:16:14.290135+00:00
eurojackpot,2022-04-05,14994446.0,4112299.0,10882147.0,api,2026-07-20T15:16:15.079164+00:00
eurojackpot,2022-04-08,39320510.0,10779627.2,28540882.8,api,2026-07-20T15:16:15.881716+00:00
eurojackpot,2022-04-12,16599270.0,4553935.0,12045335.0,api,2026-07-20T15:16:16.713712+00:00
eurojackpot,2022-04-15,38590592.0,10546801.399999999,28043790.6,api,2026-07-20T15:16:17.513438+00:00
eurojackpot,2022-04-19,15842338.0,3667191.7,12175146.3,api,2026-07-20T15:16:18.302158+00:00
eurojackpot,2022-04-22,40267380.0,11728452.700000001,28538927.299999997,api,2026-07-20T15:16:19.094140+00:00
eurojackpot,2022-04-26,19231724.0,5283018.5,13948705.5,api,2026-07-20T15:16:19.885679+00:00
eurojackpot,2022-04-29,44301716.0,10268457.0,34033259.0,api,2026-07-20T15:16:20.652636+00:00
eurojackpot,2022-05-03,21227098.0,4906777.800000001,16320320.2,api,2026-07-20T15:16:21.467553+00:00
eurojackpot,2022-05-06,47899742.0,15952370.0,31947372.0,api,2026-07-20T15:16:22.237753+00:00
eurojackpot,2022-05-10,25338390.0,6938588.4,18399801.6,api,2026-07-20T15:16:23.053345+00:00
eurojackpot,2022-05-13,57895502.0,15867209.600000001,42028292.4,api,2026-07-20T15:16:23.839095+00:00
eurojackpot,2022-05-17,35676464.0,9781810.2,25894653.8,api,2026-07-20T15:16:24.593879+00:00
eurojackpot,2022-05-20,78386804.0,131732188.50000001,-53345384.500000015,api,2026-07-20T15:16:25.360351+00:00
eurojackpot,2022-05-24,19011316.0,4396610.5,14614705.5,api,2026-07-20T15:16:26.192052+00:00
eurojackpot,2022-05-27,37844036.0,27988779.900000002,9855256.099999998,api,2026-07-20T15:16:26.960512+00:00
eurojackpot,2022-05-31,16815700.0,4612891.200000001,12202808.799999999,api,2026-07-20T15:16:27.797510+00:00
eurojackpot,2022-06-03,38292638.0,10505744.100000001,27786893.9,api,2026-07-20T15:16:28.604937+00:00
eurojackpot,2022-06-07,17213074.0,4304053.0,12909021.0,api,2026-07-20T15:16:29.404353+00:00
eurojackpot,2022-06-10,38753458.0,11067043.3,27686414.7,api,2026-07-20T15:16:30.203574+00:00
eurojackpot,2022-06-14,19259306.0,5290362.5,13968943.5,api,2026-07-20T15:16:31.016470+00:00
eurojackpot,2022-06-17,39761416.0,10905607.8,28855808.2,api,2026-07-20T15:16:31.818660+00:00
eurojackpot,2022-06-21,20968808.0,5737509.6,15231298.4,api,2026-07-20T15:16:32.580780+00:00
eurojackpot,2022-06-24,42691426.0,11687781.5,31003644.5,api,2026-07-20T15:16:33.377794+00:00
eurojackpot,2022-06-28,22146772.0,6066109.199999999,16080662.8,api,2026-07-20T15:16:34.218908+00:00
eurojackpot,2022-07-01,46681668.0,12777336.9,33904331.1,api,2026-07-20T15:16:35.018444+00:00
eurojackpot,2022-07-05,26744964.0,7337090.800000001,19407873.2,api,2026-07-20T15:16:35.820588+00:00
eurojackpot,2022-07-08,53975660.0,14823920.399999999,39151739.6,api,2026-07-20T15:16:36.591990+00:00
eurojackpot,2022-07-12,35444944.0,9720150.7,25724793.3,api,2026-07-20T15:16:37.369024+00:00
eurojackpot,2022-07-15,73550162.0,20163057.799999997,53387104.2,api,2026-07-20T15:16:38.156726+00:00
eurojackpot,2022-07-19,57436778.0,16872560.8,40564217.2,api,2026-07-20T15:16:38.958012+00:00
eurojackpot,2022-07-22,95412262.0,165966286.9,-70554024.9,api,2026-07-20T15:16:39.756718+00:00
eurojackpot,2022-07-26,22056512.0,6033097.5,16023414.5,api,2026-07-20T15:16:40.564972+00:00
eurojackpot,2022-07-29,39316574.0,10773735.8,28542838.2,api,2026-07-20T15:16:41.325472+00:00
eurojackpot,2022-08-02,21737254.0,5967530.2,15769723.8,api,2026-07-20T15:16:42.148525+00:00
eurojackpot,2022-08-05,41931678.0,11465097.399999999,30466580.6,api,2026-07-20T15:16:42.950438+00:00
eurojackpot,2022-08-09,22818864.0,6255193.399999999,16563670.600000001,api,2026-07-20T15:16:43.720560+00:00
eurojackpot,2022-08-12,43951694.0,57731015.89999999,-13779321.899999991,api,2026-07-20T15:16:44.545131+00:00
eurojackpot,2022-08-16,18555956.0,5084853.1,13471102.9,api,2026-07-20T15:16:45.366506+00:00
eurojackpot,2022-08-19,37880100.0,27191059.89999999,10689040.100000009,api,2026-07-20T15:16:46.151078+00:00
eurojackpot,2022-08-23,17765462.0,4875544.600000001,12889917.399999999,api,2026-07-20T15:16:46.942998+00:00
eurojackpot,2022-08-26,36763246.0,10082136.5,26681109.5,api,2026-07-20T15:16:47.701928+00:00
eurojackpot,2022-08-30,19123646.0,25307176.099999998,-6183530.099999998,api,2026-07-20T15:16:48.500706+00:00
eurojackpot,2022-09-02,35560256.0,9731327.6,25828928.4,api,2026-07-20T15:16:49.279294+00:00
eurojackpot,2022-09-06,18448652.0,5055568.8,13393083.2,api,2026-07-20T15:16:50.081474+00:00
eurojackpot,2022-09-09,37431412.0,30323235.5,7108176.5,api,2026-07-20T15:16:50.910059+00:00
eurojackpot,2022-09-13,17720342.0,4858535.0,12861807.0,api,2026-07-20T15:16:51.709156+00:00
eurojackpot,2022-09-16,36179570.0,9900461.7,26279108.3,api,2026-07-20T15:16:52.462126+00:00
eurojackpot,2022-09-20,18959928.0,4385900.3,14574027.7,api,2026-07-20T15:16:53.260152+00:00
eurojackpot,2022-09-23,38044794.0,11240908.4,26803885.6,api,2026-07-20T15:16:54.055351+00:00
eurojackpot,2022-09-27,21022594.0,5759064.2,15263529.8,api,2026-07-20T15:16:54.853723+00:00
eurojackpot,2022-09-30,41179100.0,11267153.4,29911946.6,api,2026-07-20T15:16:55.679817+00:00
eurojackpot,2022-10-04,22203112.0,6084567.300000001,16118544.7,api,2026-07-20T15:16:56.441639+00:00
eurojackpot,2022-10-07,43656826.0,10086966.7,33569859.3,api,2026-07-20T15:16:57.218606+00:00
eurojackpot,2022-10-11,25861952.0,8981420.700000001,16880531.299999997,api,2026-07-20T15:16:57.990791+00:00
eurojackpot,2022-10-14,48665654.0,13362802.100000001,35302851.9,api,2026-07-20T15:16:58.800985+00:00
eurojackpot,2022-10-18,30210630.0,8268040.899999999,21942589.1,api,2026-07-20T15:16:59.598649+00:00
eurojackpot,2022-10-21,56088390.0,15370744.8,40717645.2,api,2026-07-20T15:17:00.379701+00:00
eurojackpot,2022-10-25,39027448.0,10693527.2,28333920.8,api,2026-07-20T15:17:01.219899+00:00
eurojackpot,2022-10-28,75601106.0,20731898.4,54869207.6,api,2026-07-20T15:17:02.034433+00:00
eurojackpot,2022-11-01,54854434.0,16253096.000000002,38601338.0,api,2026-07-20T15:17:02.830356+00:00
eurojackpot,2022-11-04,97737056.0,46939964.2,50797091.8,api,2026-07-20T15:17:03.659949+00:00
eurojackpot,2022-11-08,72223568.0,157253251.50000003,-85029683.50000003,api,2026-07-20T15:17:04.446875+00:00
eurojackpot,2022-11-11,44153598.0,12116045.600000001,32037552.4,api,2026-07-20T15:17:05.292429+00:00
eurojackpot,2022-11-15,23631608.0,6488990.5,17142617.5,api,2026-07-20T15:17:06.055289+00:00
eurojackpot,2022-11-18,41637486.0,11416314.6,30221171.4,api,2026-07-20T15:17:06.854953+00:00
eurojackpot,2022-11-22,24294386.0,6652371.800000001,17642014.2,api,2026-07-20T15:17:07.669317+00:00
eurojackpot,2022-11-25,43388508.0,11903875.0,31484633.0,api,2026-07-20T15:17:08.428574+00:00
eurojackpot,2022-11-29,26184658.0,6046665.1,20137992.9,api,2026-07-20T15:17:09.280665+00:00
eurojackpot,2022-12-02,47372434.0,14136194.9,33236239.1,api,2026-07-20T15:17:10.076365+00:00
eurojackpot,2022-12-06,29256940.0,8014190.9,21242749.1,api,2026-07-20T15:17:10.834005+00:00
eurojackpot,2022-12-09,52044378.0,90105983.1,-38061605.099999994,api,2026-07-20T15:17:11.638306+00:00
eurojackpot,2022-12-13,21659610.0,5935014.300000001,15724595.7,api,2026-07-20T15:17:12.437414+00:00
eurojackpot,2022-12-16,38922512.0,9023415.6,29899096.4,api,2026-07-20T15:17:13.197628+00:00
eurojackpot,2022-12-20,23345716.0,29278113.299999997,-5932397.299999997,api,2026-07-20T15:17:13.979143+00:00
eurojackpot,2022-12-23,40180706.0,11037125.8,29143580.2,api,2026-07-20T15:17:14.789105+00:00
eurojackpot,2022-12-27,20566512.0,5638026.9,14928485.1,api,2026-07-20T15:17:15.586056+00:00
eurojackpot,2022-12-30,44426482.0,10285687.9,34140794.1,api,2026-07-20T15:17:16.377099+00:00
eurojackpot,2023-01-03,24415290.0,8597432.2,15817857.8,api,2026-07-20T15:17:17.492306+00:00
eurojackpot,2023-01-06,40853260.0,11221858.0,29631402.0,api,2026-07-20T15:17:18.286213+00:00
eurojackpot,2023-01-10,25812596.0,7092148.5,18720447.5,api,2026-07-20T15:17:19.101387+00:00
eurojackpot,2023-01-13,50131230.0,13759667.3,36371562.7,api,2026-07-20T15:17:19.887945+00:00
eurojackpot,2023-01-17,30006738.0,6950870.2,23055867.8,api,2026-07-20T15:17:20.679150+00:00
eurojackpot,2023-01-20,54340762.0,16182081.900000002,38158680.099999994,api,2026-07-20T15:17:21.444084+00:00
eurojackpot,2023-01-24,36944640.0,10133091.2,26811548.8,api,2026-07-20T15:17:22.246584+00:00
eurojackpot,2023-01-27,65625708.0,18034997.1,47590710.9,api,2026-07-20T15:17:23.010301+00:00
eurojackpot,2023-01-31,53349116.0,122099047.60000001,-68749931.60000001,api,2026-07-20T15:17:23.803170+00:00
eurojackpot,2023-02-03,41418596.0,11375113.4,30043482.6,api,2026-07-20T15:17:24.590212+00:00
eurojackpot,2023-02-07,23319254.0,6403747.9,16915506.1,api,2026-07-20T15:17:25.398225+00:00
eurojackpot,2023-02-10,41583194.0,11392953.5,30190240.5,api,2026-07-20T15:17:26.193726+00:00
eurojackpot,2023-02-14,26037988.0,6006635.9,20031352.1,api,2026-07-20T15:17:26.973982+00:00
eurojackpot,2023-02-17,44061528.0,53439832.300000004,-9378304.300000004,api,2026-07-20T15:17:27.763662+00:00
eurojackpot,2023-02-21,21339124.0,15854518.0,5484606.0,api,2026-07-20T15:17:28.570623+00:00
eurojackpot,2023-02-24,36944520.0,10110970.600000001,26833549.4,api,2026-07-20T15:17:29.407893+00:00
eurojackpot,2023-02-28,22199714.0,6088095.199999999,16111618.8,api,2026-07-20T15:17:30.195631+00:00
eurojackpot,2023-03-03,40491084.0,9361620.2,31129463.8,api,2026-07-20T15:17:30.968545+00:00
eurojackpot,2023-03-07,24326494.0,8410053.7,15916440.3,api,2026-07-20T15:17:31.779387+00:00
eurojackpot,2023-03-10,42542634.0,11655404.7,30887229.3,api,2026-07-20T15:17:32.565787+00:00
eurojackpot,2023-03-14,25982546.0,7130412.0,18852134.0,api,2026-07-20T15:17:33.368339+00:00
eurojackpot,2023-03-17,45006670.0,12359530.5,32647139.5,api,2026-07-20T15:17:34.152097+00:00
eurojackpot,2023-03-21,28489746.0,6596493.9,21893252.1,api,2026-07-20T15:17:34.938388+00:00
eurojackpot,2023-03-24,48707068.0,14547323.0,34159745.0,api,2026-07-20T15:17:35.763252+00:00
eurojackpot,2023-03-28,32926732.0,81482574.80000003,-48555842.80000003,api,2026-07-20T15:17:36.560396+00:00
eurojackpot,2023-03-31,37520370.0,21699289.6,15821080.399999999,api,2026-07-20T15:17:37.363195+00:00
eurojackpot,2023-04-04,21595328.0,5931739.9,15663588.1,api,2026-07-20T15:17:38.194093+00:00
eurojackpot,2023-04-07,36609730.0,10051596.600000001,26558133.4,api,2026-07-20T15:17:38.950007+00:00
eurojackpot,2023-04-11,21459258.0,5873055.399999999,15586202.600000001,api,2026-07-20T15:17:39.777324+00:00
eurojackpot,2023-04-14,39916296.0,10960718.8,28955577.2,api,2026-07-20T15:17:40.578880+00:00
eurojackpot,2023-04-18,24803832.0,6811159.9,17992672.1,api,2026-07-20T15:17:41.392820+00:00
eurojackpot,2023-04-21,41411658.0,11348580.6,30063077.4,api,2026-07-20T15:17:42.175635+00:00
eurojackpot,2023-04-25,27558910.0,54410779.000000015,-26851869.000000015,api,2026-07-20T15:17:43.067509+00:00
eurojackpot,2023-04-28,36474324.0,9993274.3,26481049.7,api,2026-07-20T15:17:44.138824+00:00
eurojackpot,2023-05-02,20300706.0,19224118.699999996,1076587.3000000045,api,2026-07-20T15:17:45.237430+00:00
eurojackpot,2023-05-05,35130456.0,9636134.5,25494321.5,api,2026-07-20T15:17:46.229690+00:00
eurojackpot,2023-05-09,21136366.0,5790174.100000001,15346191.899999999,api,2026-07-20T15:17:47.046989+00:00
eurojackpot,2023-05-12,37855880.0,10395815.7,27460064.3,api,2026-07-20T15:17:47.819251+00:00
eurojackpot,2023-05-16,23634052.0,5465281.199999999,18168770.8,api,2026-07-20T15:17:48.640790+00:00
eurojackpot,2023-05-19,39553520.0,11855471.6,27698048.4,api,2026-07-20T15:17:49.433857+00:00
eurojackpot,2023-05-23,25487018.0,6976972.5,18510045.5,api,2026-07-20T15:17:50.230578+00:00
eurojackpot,2023-05-26,42788954.0,11726843.5,31062110.5,api,2026-07-20T15:17:50.987795+00:00
eurojackpot,2023-05-30,26781918.0,7332470.799999999,19449447.200000003,api,2026-07-20T15:17:51.777943+00:00
eurojackpot,2023-06-02,48625804.0,13315233.600000001,35310570.4,api,2026-07-20T15:17:53.420129+00:00
eurojackpot,2023-06-06,35260954.0,9683244.3,25577709.7,api,2026-07-20T15:17:54.339246+00:00
eurojackpot,2023-06-09,58387182.0,15994690.600000001,42392491.4,api,2026-07-20T15:17:55.263081+00:00
eurojackpot,2023-06-13,48795396.0,13372491.5,35422904.5,api,2026-07-20T15:17:56.184722+00:00
eurojackpot,2023-06-16,83354676.0,22848192.1,60506483.9,api,2026-07-20T15:17:57.206783+00:00
eurojackpot,2023-06-20,74221986.0,33160101.200000003,41061884.8,api,2026-07-20T15:17:58.180961+00:00
eurojackpot,2023-06-23,97036144.0,167509837.99999997,-70473693.99999997,api,2026-07-20T15:17:59.266543+00:00
eurojackpot,2023-06-27,26130624.0,6042000.399999999,20088623.6,api,2026-07-20T15:18:00.171093+00:00
eurojackpot,2023-06-30,39737830.0,12031434.5,27706395.5,api,2026-07-20T15:18:01.001086+00:00
eurojackpot,2023-07-04,26532546.0,7280053.300000001,19252492.7,api,2026-07-20T15:18:01.931070+00:00
eurojackpot,2023-07-07,42602616.0,11658631.4,30943984.6,api,2026-07-20T15:18:02.952692+00:00
eurojackpot,2023-07-11,27833262.0,7636632.699999999,20196629.3,api,2026-07-20T15:18:03.982888+00:00
eurojackpot,2023-07-14,45882644.0,12581535.5,33301108.5,api,2026-07-20T15:18:04.991476+00:00
eurojackpot,2023-07-18,31771710.0,8704393.7,23067316.3,api,2026-07-20T15:18:06.014461+00:00
eurojackpot,2023-07-21,50680722.0,13900522.900000002,36780199.099999994,api,2026-07-20T15:18:07.021146+00:00
eurojackpot,2023-07-25,36616540.0,10024097.9,26592442.1,api,2026-07-20T15:18:08.061320+00:00
eurojackpot,2023-07-28,58576582.0,16093458.299999999,42483123.7,api,2026-07-20T15:18:08.927870+00:00
eurojackpot,2023-08-01,49540112.0,13606422.200000001,35933689.8,api,2026-07-20T15:18:09.998636+00:00
eurojackpot,2023-08-04,80283536.0,139226332.60000002,-58942796.600000024,api,2026-07-20T15:18:10.979909+00:00
eurojackpot,2023-08-08,26323214.0,17200576.8,9122637.2,api,2026-07-20T15:18:11.965222+00:00
eurojackpot,2023-08-11,38343108.0,8880110.2,29462997.8,api,2026-07-20T15:18:12.814847+00:00
eurojackpot,2023-08-15,23846544.0,22467672.8,1378871.1999999993,api,2026-07-20T15:18:13.755972+00:00
eurojackpot,2023-08-18,37354106.0,20236209.900000002,17117896.099999998,api,2026-07-20T15:18:14.724167+00:00
eurojackpot,2023-08-22,22371022.0,6138775.300000001,16232246.7,api,2026-07-20T15:18:15.640778+00:00
eurojackpot,2023-08-25,37954412.0,10410280.6,27544131.4,api,2026-07-20T15:18:16.501732+00:00
eurojackpot,2023-08-29,24906382.0,6836085.9,18070296.1,api,2026-07-20T15:18:17.390861+00:00
eurojackpot,2023-09-01,41633300.0,11414483.3,30218816.7,api,2026-07-20T15:18:18.278473+00:00
eurojackpot,2023-09-05,27895394.0,7652010.9,20243383.1,api,2026-07-20T15:18:19.204536+00:00
eurojackpot,2023-09-08,44001334.0,12070167.000000002,31931167.0,api,2026-07-20T15:18:20.249292+00:00
eurojackpot,2023-09-12,29491242.0,8080807.3,21410434.7,api,2026-07-20T15:18:21.277548+00:00
eurojackpot,2023-09-15,47096840.0,12909397.0,34187443.0,api,2026-07-20T15:18:22.194667+00:00
eurojackpot,2023-09-19,32954278.0,74973467.19999999,-42019189.19999999,api,2026-07-20T15:18:23.216546+00:00
eurojackpot,2023-09-22,36837752.0,10100648.0,26737104.0,api,2026-07-20T15:18:24.142857+00:00
eurojackpot,2023-09-26,22768152.0,5278938.6,17489213.4,api,2026-07-20T15:18:25.067817+00:00
eurojackpot,2023-09-29,39163328.0,11730817.7,27432510.3,api,2026-07-20T15:18:25.953258+00:00
eurojackpot,2023-10-03,24832022.0,6798573.5,18033448.5,api,2026-07-20T15:18:26.822749+00:00
eurojackpot,2023-10-06,41639052.0,11427588.0,30211464.0,api,2026-07-20T15:18:27.722733+00:00
eurojackpot,2023-10-10,28167286.0,7730022.4,20437263.6,api,2026-07-20T15:18:28.621356+00:00
eurojackpot,2023-10-13,50409342.0,68051521.6,-17642179.599999994,api,2026-07-20T15:18:29.667862+00:00
eurojackpot,2023-10-17,22638932.0,6210539.8,16428392.2,api,2026-07-20T15:18:30.679896+00:00
eurojackpot,2023-10-20,37258916.0,10229097.9,27029818.1,api,2026-07-20T15:18:31.717707+00:00
eurojackpot,2023-10-24,23845332.0,6530772.4,17314559.6,api,2026-07-20T15:18:32.791206+00:00
eurojackpot,2023-10-27,40381956.0,11063423.9,29318532.1,api,2026-07-20T15:18:33.764494+00:00
eurojackpot,2023-10-31,27374330.0,42776827.9,-15402497.899999999,api,2026-07-20T15:18:34.852848+00:00
eurojackpot,2023-11-03,35849410.0,9831937.5,26017472.5,api,2026-07-20T15:18:35.811559+00:00
eurojackpot,2023-11-07,23200502.0,6355450.4,16845051.6,api,2026-07-20T15:18:36.836312+00:00
eurojackpot,2023-11-10,38904766.0,10683947.200000001,28220818.799999997,api,2026-07-20T15:18:37.808967+00:00
eurojackpot,2023-11-14,25451212.0,6976263.800000001,18474948.2,api,2026-07-20T15:18:38.900148+00:00
eurojackpot,2023-11-17,41209856.0,47797029.199999996,-6587173.1999999955,api,2026-07-20T15:18:39.904411+00:00
eurojackpot,2023-11-21,21558492.0,5909117.699999999,15649374.3,api,2026-07-20T15:18:40.907117+00:00
eurojackpot,2023-11-24,35925400.0,9843578.1,26081821.9,api,2026-07-20T15:18:41.848219+00:00
eurojackpot,2023-11-28,23270440.0,6373999.1,16896440.9,api,2026-07-20T15:18:42.748764+00:00
eurojackpot,2023-12-01,39633980.0,10853960.799999999,28780019.200000003,api,2026-07-20T15:18:43.602852+00:00
eurojackpot,2023-12-05,26076096.0,7158354.699999999,18917741.3,api,2026-07-20T15:18:44.520240+00:00
eurojackpot,2023-12-08,42707078.0,11690505.0,31016573.0,api,2026-07-20T15:18:45.447479+00:00
eurojackpot,2023-12-12,29375512.0,8058040.899999999,21317471.1,api,2026-07-20T15:18:46.360583+00:00
eurojackpot,2023-12-15,47084824.0,12916874.899999999,34167949.1,api,2026-07-20T15:18:47.293606+00:00
eurojackpot,2023-12-19,34112122.0,7901885.4,26210236.6,api,2026-07-20T15:18:48.140542+00:00
eurojackpot,2023-12-22,57803910.0,17318025.4,40485884.6,api,2026-07-20T15:18:49.225622+00:00
eurojackpot,2023-12-26,34682770.0,8028818.9,26653951.1,api,2026-07-20T15:18:50.180467+00:00
eurojackpot,2023-12-29,74719944.0,21976891.599999998,52743052.400000006,api,2026-07-20T15:18:51.041882+00:00
eurojackpot,2024-01-02,58153002.0,15922232.5,42230769.5,api,2026-07-20T15:18:52.284647+00:00
eurojackpot,2024-01-05,94083704.0,43231531.099999994,50852172.900000006,api,2026-07-20T15:18:53.271461+00:00
eurojackpot,2024-01-09,72843342.0,37425458.1,35417883.9,api,2026-07-20T15:18:54.120996+00:00
eurojackpot,2024-01-12,97622288.0,47665721.900000006,49956566.099999994,api,2026-07-20T15:18:54.946088+00:00
eurojackpot,2024-01-16,76765706.0,159334671.30000007,-82568965.30000007,api,2026-07-20T15:18:55.892065+00:00
eurojackpot,2024-01-19,43413472.0,11885170.1,31528301.9,api,2026-07-20T15:18:56.818916+00:00
eurojackpot,2024-01-23,27271148.0,7490335.8,19780812.2,api,2026-07-20T15:18:57.735489+00:00
eurojackpot,2024-01-26,42291158.0,11600078.5,30691079.5,api,2026-07-20T15:18:58.661646+00:00
eurojackpot,2024-01-30,29480728.0,8073266.3,21407461.7,api,2026-07-20T15:18:59.684509+00:00
eurojackpot,2024-02-02,47544400.0,13040079.0,34504321.0,api,2026-07-20T15:19:00.601121+00:00
eurojackpot,2024-02-06,33749854.0,9271902.7,24477951.3,api,2026-07-20T15:19:01.519222+00:00
eurojackpot,2024-02-09,51281954.0,77324328.20000002,-26042374.200000018,api,2026-07-20T15:19:02.331678+00:00
eurojackpot,2024-02-13,25140766.0,6897254.8,18243511.2,api,2026-07-20T15:19:03.324090+00:00
eurojackpot,2024-02-16,39985072.0,10955724.1,29029347.9,api,2026-07-20T15:19:04.104808+00:00
eurojackpot,2024-02-20,27261184.0,7468290.2,19792893.8,api,2026-07-20T15:19:04.999138+00:00
eurojackpot,2024-02-23,43185796.0,42826364.5,359431.5,api,2026-07-20T15:19:05.938953+00:00
eurojackpot,2024-02-27,24007036.0,6581499.5,17425536.5,api,2026-07-20T15:19:06.818895+00:00
eurojackpot,2024-03-01,40444064.0,11057863.999999998,29386200.0,api,2026-07-20T15:19:07.657924+00:00
eurojackpot,2024-03-05,27133078.0,7452545.9,19680532.1,api,2026-07-20T15:19:08.684277+00:00
eurojackpot,2024-03-08,43584222.0,42468906.9,1115315.1000000015,api,2026-07-20T15:19:09.608581+00:00
eurojackpot,2024-03-12,24460302.0,6713204.800000001,17747097.2,api,2026-07-20T15:19:10.532927+00:00
eurojackpot,2024-03-15,39782954.0,10927636.1,28855317.9,api,2026-07-20T15:19:11.448263+00:00
eurojackpot,2024-03-19,26867186.0,6218262.0,20648924.0,api,2026-07-20T15:19:12.370583+00:00
eurojackpot,2024-03-22,41992946.0,12672099.799999999,29320846.200000003,api,2026-07-20T15:19:13.268767+00:00
eurojackpot,2024-03-26,29899170.0,8195757.5,21703412.5,api,2026-07-20T15:19:14.214355+00:00
eurojackpot,2024-03-29,45867754.0,12577641.7,33290112.3,api,2026-07-20T15:19:15.133413+00:00
eurojackpot,2024-04-02,31301330.0,8571575.4,22729754.6,api,2026-07-20T15:19:16.064990+00:00
eurojackpot,2024-04-05,51892106.0,14241433.100000001,37650672.9,api,2026-07-20T15:19:16.986137+00:00
eurojackpot,2024-04-09,40439460.0,11097914.299999999,29341545.700000003,api,2026-07-20T15:19:17.898877+00:00
eurojackpot,2024-04-12,63373716.0,14673040.600000001,48700675.4,api,2026-07-20T15:19:18.919075+00:00
eurojackpot,2024-04-16,55830692.0,18055465.3,37775226.7,api,2026-07-20T15:19:19.831920+00:00
eurojackpot,2024-04-19,86119940.0,23592514.5,62527425.5,api,2026-07-20T15:19:20.753568+00:00
eurojackpot,2024-04-23,77461662.0,158543873.70000002,-81082211.70000002,api,2026-07-20T15:19:21.686925+00:00
eurojackpot,2024-04-26,43239614.0,11849371.3,31390242.7,api,2026-07-20T15:19:22.715295+00:00
eurojackpot,2024-04-30,29769066.0,8152755.100000001,21616310.9,api,2026-07-20T15:19:23.736247+00:00
eurojackpot,2024-05-03,41737776.0,11432590.6,30305185.4,api,2026-07-20T15:19:24.713220+00:00
eurojackpot,2024-05-07,31194216.0,8552893.4,22641322.6,api,2026-07-20T15:19:25.756607+00:00
eurojackpot,2024-05-10,45846066.0,12576583.5,33269482.5,api,2026-07-20T15:19:26.810273+00:00
eurojackpot,2024-05-14,35494868.0,9732778.3,25762089.7,api,2026-07-20T15:19:27.835511+00:00
eurojackpot,2024-05-17,52751016.0,14476053.600000001,38274962.4,api,2026-07-20T15:19:28.763783+00:00
eurojackpot,2024-05-21,39686080.0,9157443.799999999,30528636.200000003,api,2026-07-20T15:19:29.673905+00:00
eurojackpot,2024-05-24,60513670.0,18279091.2,42234578.8,api,2026-07-20T15:19:30.493535+00:00
eurojackpot,2024-05-28,52651142.0,14434994.9,38216147.1,api,2026-07-20T15:19:31.517949+00:00
eurojackpot,2024-05-31,79791780.0,21847567.1,57944212.9,api,2026-07-20T15:19:32.521143+00:00
eurojackpot,2024-06-04,73342924.0,152696984.7,-79354060.69999999,api,2026-07-20T15:19:33.462837+00:00
eurojackpot,2024-06-07,42973866.0,11798041.0,31175825.0,api,2026-07-20T15:19:34.389062+00:00
eurojackpot,2024-06-11,29025846.0,6705927.3,22319918.7,api,2026-07-20T15:19:35.203748+00:00
eurojackpot,2024-06-14,43549038.0,13201442.9,30347595.1,api,2026-07-20T15:19:36.126584+00:00
eurojackpot,2024-06-18,31481444.0,8607862.5,22873581.5,api,2026-07-20T15:19:37.156247+00:00
eurojackpot,2024-06-21,46045718.0,12600665.600000001,33445052.4,api,2026-07-20T15:19:38.175693+00:00
eurojackpot,2024-06-25,34110942.0,9368262.5,24742679.5,api,2026-07-20T15:19:39.095231+00:00
eurojackpot,2024-06-28,51337300.0,14069801.2,37267498.8,api,2026-07-20T15:19:40.000706+00:00
eurojackpot,2024-07-02,41284098.0,11333131.1,29950966.9,api,2026-07-20T15:19:40.874603+00:00
eurojackpot,2024-07-05,59669426.0,16340146.799999999,43329279.2,api,2026-07-20T15:19:41.758945+00:00
eurojackpot,2024-07-09,50432612.0,112036431.6,-61603819.599999994,api,2026-07-20T15:19:42.679371+00:00
eurojackpot,2024-07-12,40689308.0,11143026.1,29546281.9,api,2026-07-20T15:19:43.550557+00:00
eurojackpot,2024-07-16,28489540.0,6605578.4,21883961.6,api,2026-07-20T15:19:44.624383+00:00
eurojackpot,2024-07-19,41881200.0,12722142.899999999,29159057.1,api,2026-07-20T15:19:45.543950+00:00
eurojackpot,2024-07-23,31446758.0,8613606.799999999,22833151.200000003,api,2026-07-20T15:19:46.467448+00:00
eurojackpot,2024-07-26,45740058.0,55228673.800000004,-9488615.800000004,api,2026-07-20T15:19:47.395178+00:00
eurojackpot,2024-07-30,26297122.0,7214178.8,19082943.2,api,2026-07-20T15:19:48.317487+00:00
eurojackpot,2024-08-02,40659014.0,11174490.9,29484523.1,api,2026-07-20T15:19:49.323906+00:00
eurojackpot,2024-08-06,29237936.0,8020598.1,21217337.9,api,2026-07-20T15:19:50.225313+00:00
eurojackpot,2024-08-09,43811942.0,12034932.0,31777010.0,api,2026-07-20T15:19:51.280169+00:00
eurojackpot,2024-08-13,32229490.0,8843187.2,23386302.8,api,2026-07-20T15:19:52.176750+00:00
eurojackpot,2024-08-16,46581494.0,12757252.5,33824241.5,api,2026-07-20T15:19:53.133256+00:00
eurojackpot,2024-08-20,35334832.0,9691198.7,25643633.3,api,2026-07-20T15:19:54.026496+00:00
eurojackpot,2024-08-23,52086270.0,14257880.0,37828390.0,api,2026-07-20T15:19:55.070872+00:00
eurojackpot,2024-08-27,41358706.0,11329240.2,30029465.8,api,2026-07-20T15:19:55.970402+00:00
eurojackpot,2024-08-30,66331440.0,110701109.7,-44369669.7,api,2026-07-20T15:19:56.920313+00:00
eurojackpot,2024-09-03,28506806.0,17799209.3,10707596.7,api,2026-07-20T15:19:57.802771+00:00
eurojackpot,2024-09-06,39080274.0,10703447.799999999,28376826.200000003,api,2026-07-20T15:19:58.755857+00:00
eurojackpot,2024-09-10,28521782.0,7818279.3,20703502.7,api,2026-07-20T15:19:59.677511+00:00
eurojackpot,2024-09-13,45546560.0,10523575.4,35022984.6,api,2026-07-20T15:20:00.701039+00:00
eurojackpot,2024-09-17,31244250.0,7219127.3,24025122.7,api,2026-07-20T15:20:01.710618+00:00
eurojackpot,2024-09-20,45998580.0,15895274.4,30103305.6,api,2026-07-20T15:20:02.551984+00:00
eurojackpot,2024-09-24,33661708.0,9226565.4,24435142.6,api,2026-07-20T15:20:03.567549+00:00
eurojackpot,2024-09-27,50748734.0,13932293.9,36816440.1,api,2026-07-20T15:20:04.474644+00:00
eurojackpot,2024-10-01,39706888.0,10901951.200000001,28804936.799999997,api,2026-07-20T15:20:05.417917+00:00
eurojackpot,2024-10-04,58104076.0,96909706.10000001,-38805630.10000001,api,2026-07-20T15:20:06.317488+00:00
eurojackpot,2024-10-08,27049704.0,7403759.799999999,19645944.200000003,api,2026-07-20T15:20:07.326139+00:00
eurojackpot,2024-10-11,40617690.0,11152061.4,29465628.6,api,2026-07-20T15:20:08.380107+00:00
eurojackpot,2024-10-15,29568204.0,6849912.4,22718291.6,api,2026-07-20T15:20:09.404125+00:00
eurojackpot,2024-10-18,44553208.0,13493557.2,31059650.8,api,2026-07-20T15:20:10.320651+00:00
eurojackpot,2024-10-22,32523074.0,8903464.5,23619609.5,api,2026-07-20T15:20:11.225522+00:00
eurojackpot,2024-10-25,48496222.0,13304083.1,35192138.9,api,2026-07-20T15:20:12.168073+00:00
eurojackpot,2024-10-29,35821604.0,9806861.3,26014742.7,api,2026-07-20T15:20:13.069567+00:00
eurojackpot,2024-11-01,52763668.0,14484909.8,38278758.2,api,2026-07-20T15:20:13.941979+00:00
eurojackpot,2024-11-05,43068752.0,11806763.8,31261988.2,api,2026-07-20T15:20:14.842101+00:00
eurojackpot,2024-11-08,67453730.0,18490370.0,48963360.0,api,2026-07-20T15:20:15.760945+00:00
eurojackpot,2024-11-12,61140570.0,16782316.0,44358254.0,api,2026-07-20T15:20:16.649338+00:00
eurojackpot,2024-11-15,91675966.0,33395266.800000004,58280699.199999996,api,2026-07-20T15:20:17.602036+00:00
eurojackpot,2024-11-19,75976616.0,38702216.2,37274399.8,api,2026-07-20T15:20:18.505854+00:00
eurojackpot,2024-11-22,98728608.0,48257835.099999994,50470772.900000006,api,2026-07-20T15:20:19.440172+00:00
eurojackpot,2024-11-26,82415512.0,41986457.2,40429054.8,api,2026-07-20T15:20:20.365234+00:00
eurojackpot,2024-11-29,106512848.0,52203533.9,54309314.1,api,2026-07-20T15:20:21.329941+00:00
eurojackpot,2024-12-03,92088722.0,46618413.300000004,45470308.699999996,api,2026-07-20T15:20:22.314401+00:00
eurojackpot,2024-12-06,109763182.0,174160626.7,-64397444.69999999,api,2026-07-20T15:20:23.215684+00:00
eurojackpot,2024-12-10,33608358.0,9202717.3,24405640.7,api,2026-07-20T15:20:24.253741+00:00
eurojackpot,2024-12-13,48545736.0,34594702.89999999,13951033.100000009,api,2026-07-20T15:20:25.179574+00:00
eurojackpot,2024-12-17,29788884.0,8172052.8,21616831.2,api,2026-07-20T15:20:26.129746+00:00
eurojackpot,2024-12-20,44812676.0,12295026.7,32517649.3,api,2026-07-20T15:20:27.021515+00:00
eurojackpot,2024-12-24,38469230.0,10547677.7,27921552.3,api,2026-07-20T15:20:27.943332+00:00
eurojackpot,2024-12-27,44495134.0,12189992.700000001,32305141.299999997,api,2026-07-20T15:20:28.844033+00:00
eurojackpot,2025-01-03,51858936.0,14234341.9,37624594.1,api,2026-07-20T15:20:30.376622+00:00
eurojackpot,2025-01-07,40752716.0,11153490.1,29599225.9,api,2026-07-20T15:20:31.220591+00:00
eurojackpot,2025-01-10,59828392.0,96873996.10000001,-37045604.10000001,api,2026-07-20T15:20:32.253893+00:00
eurojackpot,2025-01-14,29668956.0,8128524.4,21540431.6,api,2026-07-20T15:20:33.164850+00:00
eurojackpot,2025-01-17,43315802.0,11854752.399999999,31461049.6,api,2026-07-20T15:20:34.090574+00:00
eurojackpot,2025-01-21,31610528.0,8657640.9,22952887.1,api,2026-07-20T15:20:34.988175+00:00
eurojackpot,2025-01-24,46468464.0,12732260.3,33736203.7,api,2026-07-20T15:20:35.927493+00:00
eurojackpot,2025-01-28,34759818.0,8041096.4,26718721.6,api,2026-07-20T15:20:36.901193+00:00
eurojackpot,2025-01-31,51811362.0,15694632.200000001,36116729.8,api,2026-07-20T15:20:37.800629+00:00
eurojackpot,2025-02-04,40782160.0,11162108.899999999,29620051.1,api,2026-07-20T15:20:38.689789+00:00
eurojackpot,2025-02-07,59029168.0,16204633.899999999,42824534.1,api,2026-07-20T15:20:39.593876+00:00
eurojackpot,2025-02-11,49964628.0,101663414.39999999,-51698786.39999999,api,2026-07-20T15:20:40.508676+00:00
eurojackpot,2025-02-14,42966628.0,21787367.3,21179260.7,api,2026-07-20T15:20:41.402977+00:00
eurojackpot,2025-02-18,28405290.0,7785399.1,20619890.9,api,2026-07-20T15:20:42.273218+00:00
eurojackpot,2025-02-21,42506558.0,11654227.399999999,30852330.6,api,2026-07-20T15:20:43.192602+00:00
eurojackpot,2025-02-25,31332450.0,8606928.8,22725521.2,api,2026-07-20T15:20:44.221547+00:00
eurojackpot,2025-02-28,46950046.0,12874178.500000002,34075867.5,api,2026-07-20T15:20:45.125499+00:00
eurojackpot,2025-03-07,50562276.0,13873350.2,36688925.8,api,2026-07-20T15:21:01.114535+00:00
eurojackpot,2025-03-11,40358548.0,11075709.8,29282838.2,api,2026-07-20T15:21:02.017366+00:00
eurojackpot,2025-03-14,58892802.0,16150964.2,42741837.8,api,2026-07-20T15:21:02.962067+00:00
eurojackpot,2025-03-18,47369498.0,12978994.100000001,34390503.9,api,2026-07-20T15:21:03.992743+00:00
eurojackpot,2025-03-21,71502700.0,19562799.5,51939900.5,api,2026-07-20T15:21:04.912432+00:00
eurojackpot,2025-03-25,64347958.0,133545808.7,-69197850.7,api,2026-07-20T15:21:05.927484+00:00
eurojackpot,2025-03-28,42804488.0,11725536.600000001,31078951.4,api,2026-07-20T15:21:06.860540+00:00
eurojackpot,2025-04-01,30571748.0,8381003.6000000015,22190744.4,api,2026-07-20T15:21:07.876124+00:00
eurojackpot,2025-04-04,44301088.0,12160540.899999999,32140547.1,api,2026-07-20T15:21:08.898192+00:00
eurojackpot,2025-04-08,33665680.0,9211357.899999999,24454322.1,api,2026-07-20T15:21:09.903956+00:00
eurojackpot,2025-04-11,48671278.0,13346969.400000002,35324308.599999994,api,2026-07-20T15:21:10.948636+00:00
eurojackpot,2025-04-15,38082914.0,10449308.9,27633605.1,api,2026-07-20T15:21:11.869749+00:00
eurojackpot,2025-04-18,51661612.0,14173157.4,37488454.6,api,2026-07-20T15:21:12.892760+00:00
eurojackpot,2025-04-22,39532888.0,10813769.0,28719119.0,api,2026-07-20T15:21:13.814849+00:00
eurojackpot,2025-04-25,61492832.0,16886489.700000003,44606342.3,api,2026-07-20T15:21:14.837547+00:00
eurojackpot,2025-04-29,55033262.0,15093727.600000001,39939534.4,api,2026-07-20T15:21:15.863375+00:00
eurojackpot,2025-05-02,78913604.0,21613706.400000002,57299897.599999994,api,2026-07-20T15:21:16.694641+00:00
eurojackpot,2025-05-06,75134712.0,35568252.7,39566459.3,api,2026-07-20T15:21:17.531161+00:00
eurojackpot,2025-05-09,93281762.0,165790178.5,-72508416.5,api,2026-07-20T15:21:18.423579+00:00
eurojackpot,2025-05-13,32290022.0,7452087.0,24837935.0,api,2026-07-20T15:21:19.349923+00:00
eurojackpot,2025-05-16,43542268.0,13340119.100000001,30202148.9,api,2026-07-20T15:21:20.295903+00:00
eurojackpot,2025-05-20,33227032.0,9128157.9,24098874.1,api,2026-07-20T15:21:21.347016+00:00
eurojackpot,2025-05-23,46972896.0,50209963.9,-3237067.8999999985,api,2026-07-20T15:21:22.215262+00:00
eurojackpot,2025-05-27,29294000.0,8020326.4,21273673.6,api,2026-07-20T15:21:23.137269+00:00
eurojackpot,2025-05-30,42224764.0,29190578.8,13034185.2,api,2026-07-20T15:21:24.034079+00:00
eurojackpot,2025-06-03,28656126.0,7858948.199999999,20797177.8,api,2026-07-20T15:21:24.984635+00:00
eurojackpot,2025-06-06,42399224.0,11634611.8,30764612.2,api,2026-07-20T15:21:25.874762+00:00
eurojackpot,2025-06-10,30112034.0,8261680.1,21850353.9,api,2026-07-20T15:21:26.835463+00:00
eurojackpot,2025-06-13,48393616.0,13255840.599999998,35137775.400000006,api,2026-07-20T15:21:27.750756+00:00
eurojackpot,2025-06-17,34299204.0,50076050.29999998,-15776846.299999982,api,2026-07-20T15:21:28.764984+00:00
eurojackpot,2025-06-20,38734122.0,10640019.099999998,28094102.900000002,api,2026-07-20T15:21:29.799211+00:00
eurojackpot,2025-06-24,29113644.0,7976235.800000001,21137408.2,api,2026-07-20T15:21:30.684114+00:00
eurojackpot,2025-06-27,43027916.0,11806612.0,31221304.0,api,2026-07-20T15:21:31.633367+00:00
eurojackpot,2025-07-01,33414852.0,9153168.9,24261683.1,api,2026-07-20T15:21:32.651629+00:00
eurojackpot,2025-07-04,47726594.0,13105363.399999999,34621230.6,api,2026-07-20T15:21:33.553106+00:00
eurojackpot,2025-07-08,37493238.0,8682764.9,28810473.1,api,2026-07-20T15:21:34.590435+00:00
eurojackpot,2025-07-11,53552724.0,16316886.000000002,37235838.0,api,2026-07-20T15:21:35.625478+00:00
eurojackpot,2025-07-15,44342284.0,12152524.8,32189759.2,api,2026-07-20T15:21:36.642340+00:00
eurojackpot,2025-07-18,62348606.0,17133175.299999997,45215430.7,api,2026-07-20T15:21:37.570731+00:00
eurojackpot,2025-07-22,55732396.0,15296556.9,40435839.1,api,2026-07-20T15:21:38.501395+00:00
eurojackpot,2025-07-25,81087658.0,138804236.20000002,-57716578.20000002,api,2026-07-20T15:21:39.422308+00:00
eurojackpot,2025-07-29,30912386.0,7162640.6,23749745.4,api,2026-07-20T15:21:40.340704+00:00
eurojackpot,2025-08-01,43551222.0,13241882.7,30309339.3,api,2026-07-20T15:21:41.226196+00:00
eurojackpot,2025-08-05,32967362.0,9043885.899999999,23923476.1,api,2026-07-20T15:21:42.169465+00:00
eurojackpot,2025-08-08,47274472.0,49535873.000000015,-2261401.000000015,api,2026-07-20T15:21:43.102667+00:00
eurojackpot,2025-08-12,29253942.0,8019065.9,21234876.1,api,2026-07-20T15:21:44.030569+00:00
eurojackpot,2025-08-15,41190720.0,11287245.9,29903474.1,api,2026-07-20T15:21:44.946578+00:00
eurojackpot,2025-08-19,32131546.0,8788032.100000001,23343513.9,api,2026-07-20T15:21:45.871081+00:00
eurojackpot,2025-08-22,45517110.0,10538687.3,34978422.7,api,2026-07-20T15:21:46.787609+00:00
eurojackpot,2025-08-26,35723858.0,11759359.899999999,23964498.1,api,2026-07-20T15:21:47.811686+00:00
eurojackpot,2025-08-29,51963588.0,14246929.7,37716658.3,api,2026-07-20T15:21:48.738035+00:00
eurojackpot,2025-09-02,42649462.0,11690254.0,30959208.0,api,2026-07-20T15:21:49.661748+00:00
eurojackpot,2025-09-05,59413594.0,16300867.200000001,43112726.8,api,2026-07-20T15:21:50.583660+00:00
eurojackpot,2025-09-09,50717376.0,13924779.5,36792596.5,api,2026-07-20T15:21:51.509628+00:00
eurojackpot,2025-09-12,78168826.0,21454544.7,56714281.3,api,2026-07-20T15:21:52.381126+00:00
eurojackpot,2025-09-16,68960432.0,18912981.9,50047450.1,api,2026-07-20T15:21:53.348452+00:00
eurojackpot,2025-09-19,91186306.0,44494779.199999996,46691526.800000004,api,2026-07-20T15:21:54.344891+00:00
eurojackpot,2025-09-23,76283010.0,158819573.19999993,-82536563.19999993,api,2026-07-20T15:21:55.392177+00:00
eurojackpot,2025-09-26,43942702.0,12038598.600000001,31904103.4,api,2026-07-20T15:21:56.314729+00:00
eurojackpot,2025-09-30,32350618.0,8875587.7,23475030.3,api,2026-07-20T15:21:57.214542+00:00
eurojackpot,2025-10-03,44307952.0,12127551.399999999,32180400.6,api,2026-07-20T15:21:58.165713+00:00
eurojackpot,2025-10-07,35437222.0,9707069.6,25730152.4,api,2026-07-20T15:21:59.076899+00:00
eurojackpot,2025-10-10,50364790.0,13824842.7,36539947.3,api,2026-07-20T15:22:00.106998+00:00
eurojackpot,2025-10-14,39998048.0,10967641.0,29030407.0,api,2026-07-20T15:22:01.055739+00:00
eurojackpot,2025-10-17,55679074.0,84445304.9,-28766230.900000006,api,2026-07-20T15:22:02.025936+00:00
eurojackpot,2025-10-21,30073972.0,8261004.5,21812967.5,api,2026-07-20T15:22:02.967676+00:00
eurojackpot,2025-10-24,43095196.0,11841547.599999998,31253648.400000002,api,2026-07-20T15:22:04.008587+00:00
eurojackpot,2025-10-28,32006574.0,8781157.0,23225417.0,api,2026-07-20T15:22:04.912770+00:00
eurojackpot,2025-10-31,47035858.0,12929112.8,34106745.2,api,2026-07-20T15:22:05.817001+00:00
eurojackpot,2025-11-04,36243182.0,9936935.700000001,26306246.299999997,api,2026-07-20T15:22:06.859053+00:00
eurojackpot,2025-11-07,51486110.0,68420085.4,-16933975.400000006,api,2026-07-20T15:22:07.778826+00:00
eurojackpot,2025-11-11,28822836.0,7906188.0,20916648.0,api,2026-07-20T15:22:08.700175+00:00
eurojackpot,2025-11-14,42347948.0,9785007.2,32562940.8,api,2026-07-20T15:22:09.679098+00:00
eurojackpot,2025-11-18,31642310.0,7306018.6,24336291.4,api,2026-07-20T15:22:10.748874+00:00
eurojackpot,2025-11-21,45138524.0,49260330.70000001,-4121806.7000000104,api,2026-07-20T15:22:11.666592+00:00
eurojackpot,2025-11-25,27735626.0,7613422.9,20122203.1,api,2026-07-20T15:22:12.597368+00:00
eurojackpot,2025-11-28,42211664.0,11577917.4,30633746.6,api,2026-07-20T15:22:13.622401+00:00
eurojackpot,2025-12-02,31634978.0,32208007.000000004,-573029.0000000037,api,2026-07-20T15:22:14.639684+00:00
eurojackpot,2025-12-05,39740598.0,20881971.6,18858626.4,api,2026-07-20T15:22:15.664021+00:00
eurojackpot,2025-12-09,27669146.0,7584097.499999999,20085048.5,api,2026-07-20T15:22:16.602385+00:00
eurojackpot,2025-12-12,41438334.0,11352547.8,30085786.2,api,2026-07-20T15:22:17.501844+00:00
eurojackpot,2025-12-16,31155482.0,8540661.5,22614820.5,api,2026-07-20T15:22:18.429354+00:00
eurojackpot,2025-12-19,45883024.0,12558598.9,33324425.1,api,2026-07-20T15:22:19.350286+00:00
eurojackpot,2025-12-23,40182666.0,11027328.6,29155337.4,api,2026-07-20T15:22:20.376542+00:00
eurojackpot,2025-12-26,44067970.0,12085545.2,31982424.8,api,2026-07-20T15:22:21.364324+00:00
eurojackpot,2026-01-02,58674044.0,90174295.49999997,-31500251.49999997,api,2026-07-20T15:22:22.922488+00:00
eurojackpot,2026-01-06,29014822.0,6698941.3,22315880.7,api,2026-07-20T15:22:23.952502+00:00
eurojackpot,2026-01-09,41648678.0,12673324.399999999,28975353.6,api,2026-07-20T15:22:24.889554+00:00
eurojackpot,2026-01-13,32398484.0,8881445.700000001,23517038.299999997,api,2026-07-20T15:22:25.902829+00:00
eurojackpot,2026-01-16,45521904.0,12485052.9,33036851.1,api,2026-07-20T15:22:26.927468+00:00
eurojackpot,2026-01-20,36095564.0,9891532.200000001,26204031.799999997,api,2026-07-20T15:22:27.859917+00:00
eurojackpot,2026-01-23,51710250.0,67901374.10000001,-16191124.100000009,api,2026-07-20T15:22:28.880322+00:00
eurojackpot,2026-01-27,28566468.0,7840848.0,20725620.0,api,2026-07-20T15:22:29.747296+00:00
eurojackpot,2026-01-30,42436722.0,29299727.1,13136994.899999999,api,2026-07-20T15:22:30.683309+00:00
eurojackpot,2026-02-03,28842968.0,6660148.2,22182819.8,api,2026-07-20T15:22:31.619104+00:00
eurojackpot,2026-02-06,42450770.0,12889448.100000001,29561321.9,api,2026-07-20T15:22:32.570808+00:00
eurojackpot,2026-02-10,32242982.0,8844801.2,23398180.8,api,2026-07-20T15:22:33.425181+00:00
eurojackpot,2026-02-13,49112746.0,13449995.3,35662750.7,api,2026-07-20T15:22:34.505000+00:00
eurojackpot,2026-02-17,35758474.0,9801348.899999999,25957125.1,api,2026-07-20T15:22:35.427778+00:00
eurojackpot,2026-02-20,51164948.0,14051528.900000002,37113419.099999994,api,2026-07-20T15:22:36.338615+00:00
eurojackpot,2026-02-24,40572688.0,11124910.0,29447778.0,api,2026-07-20T15:22:37.275346+00:00
eurojackpot,2026-02-27,60040812.0,91221845.6,-31181033.599999994,api,2026-07-20T15:22:38.176146+00:00
eurojackpot,2026-03-03,29574464.0,16844773.1,12729690.899999999,api,2026-07-20T15:22:39.115456+00:00
eurojackpot,2026-03-06,39289578.0,9086275.5,30203302.5,api,2026-07-20T15:22:40.038112+00:00
eurojackpot,2026-03-10,29315266.0,11011836.700000001,18303429.299999997,api,2026-07-20T15:22:41.030942+00:00
eurojackpot,2026-03-13,45829360.0,12560952.5,33268407.5,api,2026-07-20T15:22:41.980612+00:00
eurojackpot,2026-03-17,32567216.0,8939840.299999999,23627375.700000003,api,2026-07-20T15:22:42.903738+00:00
eurojackpot,2026-03-20,46363754.0,12723460.899999999,33640293.1,api,2026-07-20T15:22:43.783810+00:00
eurojackpot,2026-03-24,36145482.0,9903467.9,26242014.1,api,2026-07-20T15:22:44.752018+00:00
eurojackpot,2026-03-27,51363336.0,14071367.4,37291968.6,api,2026-07-20T15:22:45.666958+00:00
eurojackpot,2026-03-31,43647572.0,82701203.10000001,-39053631.10000001,api,2026-07-20T15:22:46.636838+00:00
eurojackpot,2026-04-03,39271390.0,20759803.3,18511586.7,api,2026-07-20T15:22:47.672501+00:00
eurojackpot,2026-04-07,26558550.0,17287794.9,9270755.100000001,api,2026-07-20T15:22:48.803461+00:00
eurojackpot,2026-04-10,38801232.0,8976603.8,29824628.2,api,2026-07-20T15:22:49.942745+00:00
eurojackpot,2026-04-14,29282880.0,6761946.100000001,22520933.9,api,2026-07-20T15:22:50.999934+00:00
eurojackpot,2026-04-17,42338608.0,9777807.2,32560800.8,api,2026-07-20T15:22:51.911845+00:00
eurojackpot,2026-04-21,32226290.0,13570790.600000001,18655499.4,api,2026-07-20T15:22:52.832052+00:00
eurojackpot,2026-04-24,45210608.0,12416450.8,32794157.2,api,2026-07-20T15:22:53.816427+00:00
eurojackpot,2026-04-28,35403804.0,9716947.399999999,25686856.6,api,2026-07-20T15:22:54.764035+00:00
eurojackpot,2026-05-01,47543774.0,13042757.2,34501016.8,api,2026-07-20T15:22:55.704531+00:00
eurojackpot,2026-05-05,40929764.0,9450549.5,31479214.5,api,2026-07-20T15:22:56.569484+00:00
eurojackpot,2026-05-08,57770926.0,17605994.7,40164931.3,api,2026-07-20T15:22:57.533413+00:00
eurojackpot,2026-05-12,50704176.0,13891677.6,36812498.4,api,2026-07-20T15:22:58.550948+00:00
eurojackpot,2026-05-15,77015624.0,21161295.5,55854328.5,api,2026-07-20T15:22:59.595743+00:00
eurojackpot,2026-05-19,70530278.0,21115386.1,49414891.9,api,2026-07-20T15:23:00.521972+00:00
eurojackpot,2026-05-22,90896868.0,44525187.2,46371680.8,api,2026-07-20T15:23:01.348833+00:00
eurojackpot,2026-05-26,71955042.0,156880068.60000002,-84925026.60000002,api,2026-07-20T15:23:02.236795+00:00
eurojackpot,2026-05-29,42645130.0,11676029.5,30969100.5,api,2026-07-20T15:23:03.279709+00:00
eurojackpot,2026-06-02,31375950.0,8596933.3,22779016.7,api,2026-07-20T15:23:04.202068+00:00
eurojackpot,2026-06-05,42957408.0,11789555.3,31167852.7,api,2026-07-20T15:23:05.110717+00:00
eurojackpot,2026-06-09,34064698.0,9349043.5,24715654.5,api,2026-07-20T15:23:06.048941+00:00
eurojackpot,2026-06-12,46788624.0,12805231.0,33983393.0,api,2026-07-20T15:23:06.941258+00:00
eurojackpot,2026-06-16,37581108.0,10309476.0,27271632.0,api,2026-07-20T15:23:07.864603+00:00
eurojackpot,2026-06-19,50690494.0,13902715.1,36787778.9,api,2026-07-20T15:23:08.912614+00:00
eurojackpot,2026-06-23,41284086.0,11340765.100000001,29943320.9,api,2026-07-20T15:23:09.841332+00:00
eurojackpot,2026-06-26,55985074.0,102595046.39999999,-46609972.39999999,api,2026-07-20T15:23:10.860423+00:00
eurojackpot,2026-06-30,28987610.0,7942101.6000000015,21045508.4,api,2026-07-20T15:23:11.881584+00:00
eurojackpot,2026-07-03,40374514.0,11086382.5,29288131.5,api,2026-07-20T15:23:12.891239+00:00
eurojackpot,2026-07-07,31513082.0,7275125.800000001,24237956.2,api,2026-07-20T15:23:13.751122+00:00
eurojackpot,2026-07-10,43246068.0,13237122.7,30008945.3,api,2026-07-20T15:23:14.646873+00:00
eurojackpot,2026-07-14,33954714.0,9314698.1,24640015.9,api,2026-07-20T15:23:15.563347+00:00
eurojackpot,2026-07-17,46739512.0,12821150.6,33918361.4,api,2026-07-20T23:30:38.437505+00:00
